diseaseArea,factor,unit,directness,rationale,azSourceUrl,bmsSourceUrl,azPrograms,bmsPrograms,id,cellId
Solid-tumor oncology,Shared indications,NSCLC,3,"Multiple programs from both companies are being developed in NSCLC, creating direct disease-level overlap.",https://www.astrazeneca.com/content/dam/az/Investor_Relations/annual-report-2025/pdf/AstraZeneca_Development_Pipeline_2025.pdf,https://www.bms.com/assets/bms/us/en-us/pdf/investor-info/doc_presentations/2026/bms-pipeline-february-2026.pdf,"['IPH5201', 'rilvegostomig', 'volrustomig']","['pumitamig', 'iza-bren', 'navlimetostat', 'nivolumab + relatlimab HD']",solid-tumor-oncology--shared-indications--nsclc,solid-tumor-oncology--shared-indications
Solid-tumor oncology,Shared indications,Prostate cancer,3,"Both companies have late-stage prostate-cancer programs, although targets and modalities differ.",https://www.astrazeneca.com/content/dam/az/Investor_Relations/annual-report-2025/pdf/AstraZeneca_Development_Pipeline_2025.pdf,https://www.bms.com/assets/bms/us/en-us/pdf/investor-info/doc_presentations/2026/bms-pipeline-february-2026.pdf,"['FPI-2265', 'saruparib']",['AR ligand-directed degrader'],solid-tumor-oncology--shared-indications--prostate-cancer,solid-tumor-oncology--shared-indications
Solid-tumor oncology,Shared modalities,Small-molecule targeted therapy,2,Both use oral/small-molecule targeted approaches in solid tumors.,https://www.astrazeneca.com/content/dam/az/Investor_Relations/annual-report-2025/pdf/AstraZeneca_Development_Pipeline_2025.pdf,https://www.bms.com/assets/bms/us/en-us/pdf/investor-info/doc_presentations/2026/bms-pipeline-february-2026.pdf,"['AZD9574', 'camizestrant', 'saruparib']","['navlimetostat', 'AR ligand-directed degrader']",solid-tumor-oncology--shared-modalities--small-molecule-targeted-therapy,solid-tumor-oncology--shared-modalities
Solid-tumor oncology,Shared modalities,Bispecific / dual-target biologics,3,Both have late-stage dual-target immuno-oncology biologics.,https://www.astrazeneca.com/content/dam/az/Investor_Relations/annual-report-2025/pdf/AstraZeneca_Development_Pipeline_2025.pdf,https://www.bms.com/assets/bms/us/en-us/pdf/investor-info/doc_presentations/2026/bms-pipeline-february-2026.pdf,"['rilvegostomig', 'volrustomig']",['pumitamig'],solid-tumor-oncology--shared-modalities--bispecific-dual-target-biologics,solid-tumor-oncology--shared-modalities
Solid-tumor oncology,Shared modalities,Antibody-drug conjugates,3,"Both have substantial ADC activity, with AstraZeneca contributing greater breadth.",https://www.astrazeneca.com/content/dam/az/Investor_Relations/annual-report-2025/pdf/AstraZeneca_Development_Pipeline_2025.pdf,https://www.bms.com/assets/bms/us/en-us/pdf/investor-info/doc_presentations/2026/bms-pipeline-february-2026.pdf,"['puxitatug samrotecan', 'sonesitatug vedotin', 'tilatamig samrotecan', 'torvutatug samrotecan']",['izalontamab brengitecan'],solid-tumor-oncology--shared-modalities--antibody-drug-conjugates,solid-tumor-oncology--shared-modalities
Solid-tumor oncology,Shared modalities,Radiopharmaceuticals,2,"Both have targeted radiopharmaceutical programs, but in different tumor types and targets.",https://www.astrazeneca.com/content/dam/az/Investor_Relations/annual-report-2025/pdf/AstraZeneca_Development_Pipeline_2025.pdf,https://www.bms.com/assets/bms/us/en-us/pdf/investor-info/doc_presentations/2026/bms-pipeline-february-2026.pdf,['FPI-2265'],['RYZ101'],solid-tumor-oncology--shared-modalities--radiopharmaceuticals,solid-tumor-oncology--shared-modalities
Solid-tumor oncology,Shared target / mechanism,PD-(L)1-based immuno-oncology,3,Both portfolios use PD-1/PD-L1-centered combinations or multispecific approaches.,https://www.astrazeneca.com/content/dam/az/Investor_Relations/annual-report-2025/pdf/AstraZeneca_Development_Pipeline_2025.pdf,https://www.bms.com/assets/bms/us/en-us/pdf/investor-info/doc_presentations/2026/bms-pipeline-february-2026.pdf,"['rilvegostomig', 'volrustomig']","['pumitamig', 'nivolumab + relatlimab HD', 'atigotatug + nivolumab']",solid-tumor-oncology--shared-target-mechanism--pd-l-1-based-immuno-oncology,solid-tumor-oncology--shared-target-mechanism
Solid-tumor oncology,Shared target / mechanism,EGFR-directed therapeutics,2,"Both have EGFR-directed ADC programs, paired with different second targets.",https://www.astrazeneca.com/content/dam/az/Investor_Relations/annual-report-2025/pdf/AstraZeneca_Development_Pipeline_2025.pdf,https://www.bms.com/assets/bms/us/en-us/pdf/investor-info/doc_presentations/2026/bms-pipeline-february-2026.pdf,['tilatamig samrotecan'],['izalontamab brengitecan'],solid-tumor-oncology--shared-target-mechanism--egfr-directed-therapeutics,solid-tumor-oncology--shared-target-mechanism
Solid-tumor oncology,Stage alignment,Phase II,2,Both companies have Phase II programs in the disease area.,https://www.astrazeneca.com/content/dam/az/Investor_Relations/annual-report-2025/pdf/AstraZeneca_Development_Pipeline_2025.pdf,https://www.bms.com/assets/bms/us/en-us/pdf/investor-info/doc_presentations/2026/bms-pipeline-february-2026.pdf,"['AZD9574', 'FPI-2265', 'IPH5201', 'tilatamig samrotecan']","['iza-bren', 'navlimetostat']",solid-tumor-oncology--stage-alignment--phase-ii,solid-tumor-oncology--stage-alignment
Solid-tumor oncology,Stage alignment,Phase III / registration,3,Both have broad Phase III/registration portfolios in solid tumors.,https://www.astrazeneca.com/content/dam/az/Investor_Relations/annual-report-2025/pdf/AstraZeneca_Development_Pipeline_2025.pdf,https://www.bms.com/assets/bms/us/en-us/pdf/investor-info/doc_presentations/2026/bms-pipeline-february-2026.pdf,"['camizestrant', 'puxitatug samrotecan', 'rilvegostomig', 'saruparib', 'sonesitatug vedotin', 'torvutatug samrotecan', 'volrustomig']","['pumitamig', 'AR ligand-directed degrader', 'atigotatug + nivolumab', 'nivolumab + relatlimab HD', 'RYZ101']",solid-tumor-oncology--stage-alignment--phase-iii-registration,solid-tumor-oncology--stage-alignment
Hematology,Shared indications,Multiple myeloma,3,Both companies have multiple late-stage programs in multiple myeloma.,https://www.astrazeneca.com/content/dam/az/Investor_Relations/annual-report-2025/pdf/AstraZeneca_Development_Pipeline_2025.pdf,https://www.bms.com/assets/bms/us/en-us/pdf/investor-info/doc_presentations/2026/bms-pipeline-february-2026.pdf,"['AZD0120', 'AZD0305']","['arlo-cel', 'iberdomide', 'mezigdomide']",hematology--shared-indications--multiple-myeloma,hematology--shared-indications
Hematology,Shared indications,B-cell lymphoma,3,Both have Phase III programs in B-cell lymphoma territories.,https://www.astrazeneca.com/content/dam/az/Investor_Relations/annual-report-2025/pdf/AstraZeneca_Development_Pipeline_2025.pdf,https://www.bms.com/assets/bms/us/en-us/pdf/investor-info/doc_presentations/2026/bms-pipeline-february-2026.pdf,['surovatamig'],['golcadomide'],hematology--shared-indications--b-cell-lymphoma,hematology--shared-indications
Hematology,Shared modalities,Cell therapy / CAR-T,3,"Both have autologous CAR-T programs in multiple myeloma, with different target configurations.",https://www.astrazeneca.com/content/dam/az/Investor_Relations/annual-report-2025/pdf/AstraZeneca_Development_Pipeline_2025.pdf,https://www.bms.com/assets/bms/us/en-us/pdf/investor-info/doc_presentations/2026/bms-pipeline-february-2026.pdf,['AZD0120'],['arlo-cel'],hematology--shared-modalities--cell-therapy-car-t,hematology--shared-modalities
Hematology,Shared modalities,Small-molecule targeted therapy,2,"Both use small-molecule targeted approaches, but mechanisms and disease emphasis differ.",https://www.astrazeneca.com/content/dam/az/Investor_Relations/annual-report-2025/pdf/AstraZeneca_Development_Pipeline_2025.pdf,https://www.bms.com/assets/bms/us/en-us/pdf/investor-info/doc_presentations/2026/bms-pipeline-february-2026.pdf,['AZD3470'],"['golcadomide', 'iberdomide', 'mezigdomide']",hematology--shared-modalities--small-molecule-targeted-therapy,hematology--shared-modalities
Hematology,Shared target / mechanism,GPRC5D,3,This is the clearest exact target overlap: an ADC versus CAR-T directed to GPRC5D.,https://www.astrazeneca.com/content/dam/az/Investor_Relations/annual-report-2025/pdf/AstraZeneca_Development_Pipeline_2025.pdf,https://www.bms.com/assets/bms/us/en-us/pdf/investor-info/doc_presentations/2026/bms-pipeline-february-2026.pdf,['AZD0305'],['arlo-cel'],hematology--shared-target-mechanism--gprc5d,hematology--shared-target-mechanism
Hematology,Stage alignment,Phase III / registration,2,"Both have Phase III/registration programs, though BMS is more concentrated at this stage.",https://www.astrazeneca.com/content/dam/az/Investor_Relations/annual-report-2025/pdf/AstraZeneca_Development_Pipeline_2025.pdf,https://www.bms.com/assets/bms/us/en-us/pdf/investor-info/doc_presentations/2026/bms-pipeline-february-2026.pdf,['surovatamig'],"['arlo-cel', 'golcadomide', 'iberdomide', 'mezigdomide']",hematology--stage-alignment--phase-iii-registration,hematology--stage-alignment
"Immunology, respiratory & fibrosis",Shared modalities,Small-molecule therapy,1,"Both use small molecules, but the diseases and mechanisms are largely different.",https://www.astrazeneca.com/content/dam/az/Investor_Relations/annual-report-2025/pdf/AstraZeneca_Development_Pipeline_2025.pdf,https://www.bms.com/assets/bms/us/en-us/pdf/investor-info/doc_presentations/2026/bms-pipeline-february-2026.pdf,"['atuliflapon', 'AZD4604', 'AZD6793']",['admilparant'],immunology-respiratory-and-fibrosis--shared-modalities--small-molecule-therapy,immunology-respiratory-and-fibrosis--shared-modalities
"Immunology, respiratory & fibrosis",Shared modalities,Monoclonal antibodies / biologics,1,"Both have biologics, but with different disease and target focus.",https://www.astrazeneca.com/content/dam/az/Investor_Relations/annual-report-2025/pdf/AstraZeneca_Development_Pipeline_2025.pdf,https://www.bms.com/assets/bms/us/en-us/pdf/investor-info/doc_presentations/2026/bms-pipeline-february-2026.pdf,"['AZD1163', 'AZD7798', 'AZD8630', 'tozorakimab']",['obexelimab'],immunology-respiratory-and-fibrosis--shared-modalities--monoclonal-antibodies-biologics,immunology-respiratory-and-fibrosis--shared-modalities
"Immunology, respiratory & fibrosis",Stage alignment,Phase III / registration,1,"Both have Phase III programs, without a clear same-indication collision.",https://www.astrazeneca.com/content/dam/az/Investor_Relations/annual-report-2025/pdf/AstraZeneca_Development_Pipeline_2025.pdf,https://www.bms.com/assets/bms/us/en-us/pdf/investor-info/doc_presentations/2026/bms-pipeline-february-2026.pdf,['tozorakimab'],"['zola-cel', 'admilparant', 'obexelimab']",immunology-respiratory-and-fibrosis--stage-alignment--phase-iii-registration,immunology-respiratory-and-fibrosis--stage-alignment
Cardiovascular,Shared indications,Heart failure,2,"Both have Phase II heart-failure programs, with different mechanisms.",https://www.astrazeneca.com/content/dam/az/Investor_Relations/annual-report-2025/pdf/AstraZeneca_Development_Pipeline_2025.pdf,https://www.bms.com/assets/bms/us/en-us/pdf/investor-info/doc_presentations/2026/bms-pipeline-february-2026.pdf,['AZD5462'],['MYK-224'],cardiovascular--shared-indications--heart-failure,cardiovascular--shared-indications
Cardiovascular,Shared modalities,Small-molecule therapy,1,"Both portfolios are primarily small-molecule programs, but disease and target overlap is limited.",https://www.astrazeneca.com/content/dam/az/Investor_Relations/annual-report-2025/pdf/AstraZeneca_Development_Pipeline_2025.pdf,https://www.bms.com/assets/bms/us/en-us/pdf/investor-info/doc_presentations/2026/bms-pipeline-february-2026.pdf,"['AZD5462', 'baxdrostat', 'laroprovstat']","['MYK-224', 'milvexian']",cardiovascular--shared-modalities--small-molecule-therapy,cardiovascular--shared-modalities
Cardiovascular,Stage alignment,Phase II,2,The heart-failure programs are both in Phase II.,https://www.astrazeneca.com/content/dam/az/Investor_Relations/annual-report-2025/pdf/AstraZeneca_Development_Pipeline_2025.pdf,https://www.bms.com/assets/bms/us/en-us/pdf/investor-info/doc_presentations/2026/bms-pipeline-february-2026.pdf,['AZD5462'],['MYK-224'],cardiovascular--stage-alignment--phase-ii,cardiovascular--stage-alignment
Cardiovascular,Stage alignment,Phase III / registration,1,"Both have Phase III programs, but in different cardiovascular indications.",https://www.astrazeneca.com/content/dam/az/Investor_Relations/annual-report-2025/pdf/AstraZeneca_Development_Pipeline_2025.pdf,https://www.bms.com/assets/bms/us/en-us/pdf/investor-info/doc_presentations/2026/bms-pipeline-february-2026.pdf,"['baxdrostat', 'laroprovstat']",['milvexian'],cardiovascular--stage-alignment--phase-iii-registration,cardiovascular--stage-alignment
