trendId,company,product,genericName,brandContext,diseaseAreas,overlapUnits,linkedPrograms,period,year,status,revenueUsdM,growthVsPrior,projectionBasis,patentSummary,patentEvents,sourceUrls
ETCAMAH,AstraZeneca,Etcamah,camizestrant,Approved asset brand,Solid-tumor oncology,Breast cancer,camizestrant,H1 26,2026.0,reported-partial,3,,Illustrative new-launch uptake scenario from the $3M H1 2026 starting point; not company guidance or consensus.,No product-specific loss-of-exclusivity date was disclosed in the 2025 Form 20-F; no cliff is applied through 2031.,,https://www.rns-pdf.londonstockexchange.com/rns/9440N_1-2026-7-26.pdf | https://www.sec.gov/Archives/edgar/data/901832/000110465926019130/azn-20251231x20f.htm
ETCAMAH,AstraZeneca,Etcamah,camizestrant,Approved asset brand,Solid-tumor oncology,Breast cancer,camizestrant,2026E,2026.5,projected,15,4.0,Illustrative new-launch uptake scenario from the $3M H1 2026 starting point; not company guidance or consensus.,No product-specific loss-of-exclusivity date was disclosed in the 2025 Form 20-F; no cliff is applied through 2031.,,https://www.rns-pdf.londonstockexchange.com/rns/9440N_1-2026-7-26.pdf | https://www.sec.gov/Archives/edgar/data/901832/000110465926019130/azn-20251231x20f.htm
ETCAMAH,AstraZeneca,Etcamah,camizestrant,Approved asset brand,Solid-tumor oncology,Breast cancer,camizestrant,2027,2027,projected,120,7.0,Illustrative new-launch uptake scenario from the $3M H1 2026 starting point; not company guidance or consensus.,No product-specific loss-of-exclusivity date was disclosed in the 2025 Form 20-F; no cliff is applied through 2031.,,https://www.rns-pdf.londonstockexchange.com/rns/9440N_1-2026-7-26.pdf | https://www.sec.gov/Archives/edgar/data/901832/000110465926019130/azn-20251231x20f.htm
ETCAMAH,AstraZeneca,Etcamah,camizestrant,Approved asset brand,Solid-tumor oncology,Breast cancer,camizestrant,2028,2028,projected,360,2.0,Illustrative new-launch uptake scenario from the $3M H1 2026 starting point; not company guidance or consensus.,No product-specific loss-of-exclusivity date was disclosed in the 2025 Form 20-F; no cliff is applied through 2031.,,https://www.rns-pdf.londonstockexchange.com/rns/9440N_1-2026-7-26.pdf | https://www.sec.gov/Archives/edgar/data/901832/000110465926019130/azn-20251231x20f.htm
ETCAMAH,AstraZeneca,Etcamah,camizestrant,Approved asset brand,Solid-tumor oncology,Breast cancer,camizestrant,2029,2029,projected,700,0.9444444444444444,Illustrative new-launch uptake scenario from the $3M H1 2026 starting point; not company guidance or consensus.,No product-specific loss-of-exclusivity date was disclosed in the 2025 Form 20-F; no cliff is applied through 2031.,,https://www.rns-pdf.londonstockexchange.com/rns/9440N_1-2026-7-26.pdf | https://www.sec.gov/Archives/edgar/data/901832/000110465926019130/azn-20251231x20f.htm
ETCAMAH,AstraZeneca,Etcamah,camizestrant,Approved asset brand,Solid-tumor oncology,Breast cancer,camizestrant,2030,2030,projected,1000,0.4285714285714286,Illustrative new-launch uptake scenario from the $3M H1 2026 starting point; not company guidance or consensus.,No product-specific loss-of-exclusivity date was disclosed in the 2025 Form 20-F; no cliff is applied through 2031.,,https://www.rns-pdf.londonstockexchange.com/rns/9440N_1-2026-7-26.pdf | https://www.sec.gov/Archives/edgar/data/901832/000110465926019130/azn-20251231x20f.htm
ETCAMAH,AstraZeneca,Etcamah,camizestrant,Approved asset brand,Solid-tumor oncology,Breast cancer,camizestrant,2031,2031,projected,1250,0.25,Illustrative new-launch uptake scenario from the $3M H1 2026 starting point; not company guidance or consensus.,No product-specific loss-of-exclusivity date was disclosed in the 2025 Form 20-F; no cliff is applied through 2031.,,https://www.rns-pdf.londonstockexchange.com/rns/9440N_1-2026-7-26.pdf | https://www.sec.gov/Archives/edgar/data/901832/000110465926019130/azn-20251231x20f.htm
BAXFENDY,AstraZeneca,Baxfendy,baxdrostat,Approved asset brand,Cardiovascular,Hypertension,baxdrostat,H1 26,2026.0,reported-partial,3,,Illustrative new-launch uptake scenario from the $3M H1 2026 starting point; not company guidance or consensus.,No product-specific loss-of-exclusivity date was disclosed in the 2025 Form 20-F; no cliff is applied through 2031.,,https://www.rns-pdf.londonstockexchange.com/rns/9440N_1-2026-7-26.pdf | https://www.sec.gov/Archives/edgar/data/901832/000110465926019130/azn-20251231x20f.htm
BAXFENDY,AstraZeneca,Baxfendy,baxdrostat,Approved asset brand,Cardiovascular,Hypertension,baxdrostat,2026E,2026.5,projected,15,4.0,Illustrative new-launch uptake scenario from the $3M H1 2026 starting point; not company guidance or consensus.,No product-specific loss-of-exclusivity date was disclosed in the 2025 Form 20-F; no cliff is applied through 2031.,,https://www.rns-pdf.londonstockexchange.com/rns/9440N_1-2026-7-26.pdf | https://www.sec.gov/Archives/edgar/data/901832/000110465926019130/azn-20251231x20f.htm
BAXFENDY,AstraZeneca,Baxfendy,baxdrostat,Approved asset brand,Cardiovascular,Hypertension,baxdrostat,2027,2027,projected,150,9.0,Illustrative new-launch uptake scenario from the $3M H1 2026 starting point; not company guidance or consensus.,No product-specific loss-of-exclusivity date was disclosed in the 2025 Form 20-F; no cliff is applied through 2031.,,https://www.rns-pdf.londonstockexchange.com/rns/9440N_1-2026-7-26.pdf | https://www.sec.gov/Archives/edgar/data/901832/000110465926019130/azn-20251231x20f.htm
BAXFENDY,AstraZeneca,Baxfendy,baxdrostat,Approved asset brand,Cardiovascular,Hypertension,baxdrostat,2028,2028,projected,450,2.0,Illustrative new-launch uptake scenario from the $3M H1 2026 starting point; not company guidance or consensus.,No product-specific loss-of-exclusivity date was disclosed in the 2025 Form 20-F; no cliff is applied through 2031.,,https://www.rns-pdf.londonstockexchange.com/rns/9440N_1-2026-7-26.pdf | https://www.sec.gov/Archives/edgar/data/901832/000110465926019130/azn-20251231x20f.htm
BAXFENDY,AstraZeneca,Baxfendy,baxdrostat,Approved asset brand,Cardiovascular,Hypertension,baxdrostat,2029,2029,projected,850,0.8888888888888888,Illustrative new-launch uptake scenario from the $3M H1 2026 starting point; not company guidance or consensus.,No product-specific loss-of-exclusivity date was disclosed in the 2025 Form 20-F; no cliff is applied through 2031.,,https://www.rns-pdf.londonstockexchange.com/rns/9440N_1-2026-7-26.pdf | https://www.sec.gov/Archives/edgar/data/901832/000110465926019130/azn-20251231x20f.htm
BAXFENDY,AstraZeneca,Baxfendy,baxdrostat,Approved asset brand,Cardiovascular,Hypertension,baxdrostat,2030,2030,projected,1250,0.47058823529411775,Illustrative new-launch uptake scenario from the $3M H1 2026 starting point; not company guidance or consensus.,No product-specific loss-of-exclusivity date was disclosed in the 2025 Form 20-F; no cliff is applied through 2031.,,https://www.rns-pdf.londonstockexchange.com/rns/9440N_1-2026-7-26.pdf | https://www.sec.gov/Archives/edgar/data/901832/000110465926019130/azn-20251231x20f.htm
BAXFENDY,AstraZeneca,Baxfendy,baxdrostat,Approved asset brand,Cardiovascular,Hypertension,baxdrostat,2031,2031,projected,1550,0.24,Illustrative new-launch uptake scenario from the $3M H1 2026 starting point; not company guidance or consensus.,No product-specific loss-of-exclusivity date was disclosed in the 2025 Form 20-F; no cliff is applied through 2031.,,https://www.rns-pdf.londonstockexchange.com/rns/9440N_1-2026-7-26.pdf | https://www.sec.gov/Archives/edgar/data/901832/000110465926019130/azn-20251231x20f.htm
TAGRISSO,AstraZeneca,Tagrisso,osimertinib,NSCLC commercial benchmark,Solid-tumor oncology,NSCLC,,2023,2023,reported,5799,,2026E annualizes H1 2026. Thereafter an illustrative slowing-growth curve is followed by modeled erosion beginning at the earliest disclosed 2032 exclusivity date.,Disclosed minimum exclusivity dates: US/China/EU 2032 and 2035; Japan 2034 and 2035. The scenario applies a cliff from 2032.,2032: Earliest disclosed LOE | 2035: Later patent layer,https://www.sec.gov/Archives/edgar/data/901832/000110465926019130/azn-20251231x20f.htm | https://www.rns-pdf.londonstockexchange.com/rns/9440N_1-2026-7-26.pdf
TAGRISSO,AstraZeneca,Tagrisso,osimertinib,NSCLC commercial benchmark,Solid-tumor oncology,NSCLC,,2024,2024,reported,6580,0.1346783928263493,2026E annualizes H1 2026. Thereafter an illustrative slowing-growth curve is followed by modeled erosion beginning at the earliest disclosed 2032 exclusivity date.,Disclosed minimum exclusivity dates: US/China/EU 2032 and 2035; Japan 2034 and 2035. The scenario applies a cliff from 2032.,2032: Earliest disclosed LOE | 2035: Later patent layer,https://www.sec.gov/Archives/edgar/data/901832/000110465926019130/azn-20251231x20f.htm | https://www.rns-pdf.londonstockexchange.com/rns/9440N_1-2026-7-26.pdf
TAGRISSO,AstraZeneca,Tagrisso,osimertinib,NSCLC commercial benchmark,Solid-tumor oncology,NSCLC,,2025,2025,reported,7254,0.10243161094224917,2026E annualizes H1 2026. Thereafter an illustrative slowing-growth curve is followed by modeled erosion beginning at the earliest disclosed 2032 exclusivity date.,Disclosed minimum exclusivity dates: US/China/EU 2032 and 2035; Japan 2034 and 2035. The scenario applies a cliff from 2032.,2032: Earliest disclosed LOE | 2035: Later patent layer,https://www.sec.gov/Archives/edgar/data/901832/000110465926019130/azn-20251231x20f.htm | https://www.rns-pdf.londonstockexchange.com/rns/9440N_1-2026-7-26.pdf
TAGRISSO,AstraZeneca,Tagrisso,osimertinib,NSCLC commercial benchmark,Solid-tumor oncology,NSCLC,,2026E,2026,projected,7550,0.04080507306313752,2026E annualizes H1 2026. Thereafter an illustrative slowing-growth curve is followed by modeled erosion beginning at the earliest disclosed 2032 exclusivity date.,Disclosed minimum exclusivity dates: US/China/EU 2032 and 2035; Japan 2034 and 2035. The scenario applies a cliff from 2032.,2032: Earliest disclosed LOE | 2035: Later patent layer,https://www.sec.gov/Archives/edgar/data/901832/000110465926019130/azn-20251231x20f.htm | https://www.rns-pdf.londonstockexchange.com/rns/9440N_1-2026-7-26.pdf
TAGRISSO,AstraZeneca,Tagrisso,osimertinib,NSCLC commercial benchmark,Solid-tumor oncology,NSCLC,,2027,2027,projected,8079,0.07006622516556282,2026E annualizes H1 2026. Thereafter an illustrative slowing-growth curve is followed by modeled erosion beginning at the earliest disclosed 2032 exclusivity date.,Disclosed minimum exclusivity dates: US/China/EU 2032 and 2035; Japan 2034 and 2035. The scenario applies a cliff from 2032.,2032: Earliest disclosed LOE | 2035: Later patent layer,https://www.sec.gov/Archives/edgar/data/901832/000110465926019130/azn-20251231x20f.htm | https://www.rns-pdf.londonstockexchange.com/rns/9440N_1-2026-7-26.pdf
TAGRISSO,AstraZeneca,Tagrisso,osimertinib,NSCLC commercial benchmark,Solid-tumor oncology,NSCLC,,2028,2028,projected,8564,0.06003218220076745,2026E annualizes H1 2026. Thereafter an illustrative slowing-growth curve is followed by modeled erosion beginning at the earliest disclosed 2032 exclusivity date.,Disclosed minimum exclusivity dates: US/China/EU 2032 and 2035; Japan 2034 and 2035. The scenario applies a cliff from 2032.,2032: Earliest disclosed LOE | 2035: Later patent layer,https://www.sec.gov/Archives/edgar/data/901832/000110465926019130/azn-20251231x20f.htm | https://www.rns-pdf.londonstockexchange.com/rns/9440N_1-2026-7-26.pdf
TAGRISSO,AstraZeneca,Tagrisso,osimertinib,NSCLC commercial benchmark,Solid-tumor oncology,NSCLC,,2029,2029,projected,8992,0.04997664642690336,2026E annualizes H1 2026. Thereafter an illustrative slowing-growth curve is followed by modeled erosion beginning at the earliest disclosed 2032 exclusivity date.,Disclosed minimum exclusivity dates: US/China/EU 2032 and 2035; Japan 2034 and 2035. The scenario applies a cliff from 2032.,2032: Earliest disclosed LOE | 2035: Later patent layer,https://www.sec.gov/Archives/edgar/data/901832/000110465926019130/azn-20251231x20f.htm | https://www.rns-pdf.londonstockexchange.com/rns/9440N_1-2026-7-26.pdf
TAGRISSO,AstraZeneca,Tagrisso,osimertinib,NSCLC commercial benchmark,Solid-tumor oncology,NSCLC,,2030,2030,projected,9352,0.040035587188612,2026E annualizes H1 2026. Thereafter an illustrative slowing-growth curve is followed by modeled erosion beginning at the earliest disclosed 2032 exclusivity date.,Disclosed minimum exclusivity dates: US/China/EU 2032 and 2035; Japan 2034 and 2035. The scenario applies a cliff from 2032.,2032: Earliest disclosed LOE | 2035: Later patent layer,https://www.sec.gov/Archives/edgar/data/901832/000110465926019130/azn-20251231x20f.htm | https://www.rns-pdf.londonstockexchange.com/rns/9440N_1-2026-7-26.pdf
TAGRISSO,AstraZeneca,Tagrisso,osimertinib,NSCLC commercial benchmark,Solid-tumor oncology,NSCLC,,2031,2031,projected,9539,0.019995722840034258,2026E annualizes H1 2026. Thereafter an illustrative slowing-growth curve is followed by modeled erosion beginning at the earliest disclosed 2032 exclusivity date.,Disclosed minimum exclusivity dates: US/China/EU 2032 and 2035; Japan 2034 and 2035. The scenario applies a cliff from 2032.,2032: Earliest disclosed LOE | 2035: Later patent layer,https://www.sec.gov/Archives/edgar/data/901832/000110465926019130/azn-20251231x20f.htm | https://www.rns-pdf.londonstockexchange.com/rns/9440N_1-2026-7-26.pdf
TAGRISSO,AstraZeneca,Tagrisso,osimertinib,NSCLC commercial benchmark,Solid-tumor oncology,NSCLC,,2032,2032,projected,7631,-0.20002096655833945,2026E annualizes H1 2026. Thereafter an illustrative slowing-growth curve is followed by modeled erosion beginning at the earliest disclosed 2032 exclusivity date.,Disclosed minimum exclusivity dates: US/China/EU 2032 and 2035; Japan 2034 and 2035. The scenario applies a cliff from 2032.,2032: Earliest disclosed LOE | 2035: Later patent layer,https://www.sec.gov/Archives/edgar/data/901832/000110465926019130/azn-20251231x20f.htm | https://www.rns-pdf.londonstockexchange.com/rns/9440N_1-2026-7-26.pdf
TAGRISSO,AstraZeneca,Tagrisso,osimertinib,NSCLC commercial benchmark,Solid-tumor oncology,NSCLC,,2033,2033,projected,4579,-0.3999475822303761,2026E annualizes H1 2026. Thereafter an illustrative slowing-growth curve is followed by modeled erosion beginning at the earliest disclosed 2032 exclusivity date.,Disclosed minimum exclusivity dates: US/China/EU 2032 and 2035; Japan 2034 and 2035. The scenario applies a cliff from 2032.,2032: Earliest disclosed LOE | 2035: Later patent layer,https://www.sec.gov/Archives/edgar/data/901832/000110465926019130/azn-20251231x20f.htm | https://www.rns-pdf.londonstockexchange.com/rns/9440N_1-2026-7-26.pdf
IMFINZI,AstraZeneca,Imfinzi,durvalumab,Marketed combination backbone,Solid-tumor oncology,NSCLC | Immuno-oncology,IPH5201,2023,2023,reported,4019,,"2026E annualizes H1 2026. The scenario assumes continued indication growth through 2029, then erosion as disclosed EU/China and US exclusivity dates arrive.","Disclosed minimum exclusivity dates: China/EU 2030, US 2031 and Japan 2033. The scenario applies erosion from 2030.",2030: EU/China LOE | 2031: US LOE,https://www.sec.gov/Archives/edgar/data/901832/000110465926019130/azn-20251231x20f.htm | https://www.rns-pdf.londonstockexchange.com/rns/9440N_1-2026-7-26.pdf
IMFINZI,AstraZeneca,Imfinzi,durvalumab,Marketed combination backbone,Solid-tumor oncology,NSCLC | Immuno-oncology,IPH5201,2024,2024,reported,4717,0.17367504354316998,"2026E annualizes H1 2026. The scenario assumes continued indication growth through 2029, then erosion as disclosed EU/China and US exclusivity dates arrive.","Disclosed minimum exclusivity dates: China/EU 2030, US 2031 and Japan 2033. The scenario applies erosion from 2030.",2030: EU/China LOE | 2031: US LOE,https://www.sec.gov/Archives/edgar/data/901832/000110465926019130/azn-20251231x20f.htm | https://www.rns-pdf.londonstockexchange.com/rns/9440N_1-2026-7-26.pdf
IMFINZI,AstraZeneca,Imfinzi,durvalumab,Marketed combination backbone,Solid-tumor oncology,NSCLC | Immuno-oncology,IPH5201,2025,2025,reported,6063,0.2853508585965656,"2026E annualizes H1 2026. The scenario assumes continued indication growth through 2029, then erosion as disclosed EU/China and US exclusivity dates arrive.","Disclosed minimum exclusivity dates: China/EU 2030, US 2031 and Japan 2033. The scenario applies erosion from 2030.",2030: EU/China LOE | 2031: US LOE,https://www.sec.gov/Archives/edgar/data/901832/000110465926019130/azn-20251231x20f.htm | https://www.rns-pdf.londonstockexchange.com/rns/9440N_1-2026-7-26.pdf
IMFINZI,AstraZeneca,Imfinzi,durvalumab,Marketed combination backbone,Solid-tumor oncology,NSCLC | Immuno-oncology,IPH5201,2026E,2026,projected,7096,0.17037770080818082,"2026E annualizes H1 2026. The scenario assumes continued indication growth through 2029, then erosion as disclosed EU/China and US exclusivity dates arrive.","Disclosed minimum exclusivity dates: China/EU 2030, US 2031 and Japan 2033. The scenario applies erosion from 2030.",2030: EU/China LOE | 2031: US LOE,https://www.sec.gov/Archives/edgar/data/901832/000110465926019130/azn-20251231x20f.htm | https://www.rns-pdf.londonstockexchange.com/rns/9440N_1-2026-7-26.pdf
IMFINZI,AstraZeneca,Imfinzi,durvalumab,Marketed combination backbone,Solid-tumor oncology,NSCLC | Immuno-oncology,IPH5201,2027,2027,projected,8160,0.1499436302142052,"2026E annualizes H1 2026. The scenario assumes continued indication growth through 2029, then erosion as disclosed EU/China and US exclusivity dates arrive.","Disclosed minimum exclusivity dates: China/EU 2030, US 2031 and Japan 2033. The scenario applies erosion from 2030.",2030: EU/China LOE | 2031: US LOE,https://www.sec.gov/Archives/edgar/data/901832/000110465926019130/azn-20251231x20f.htm | https://www.rns-pdf.londonstockexchange.com/rns/9440N_1-2026-7-26.pdf
IMFINZI,AstraZeneca,Imfinzi,durvalumab,Marketed combination backbone,Solid-tumor oncology,NSCLC | Immuno-oncology,IPH5201,2028,2028,projected,9180,0.125,"2026E annualizes H1 2026. The scenario assumes continued indication growth through 2029, then erosion as disclosed EU/China and US exclusivity dates arrive.","Disclosed minimum exclusivity dates: China/EU 2030, US 2031 and Japan 2033. The scenario applies erosion from 2030.",2030: EU/China LOE | 2031: US LOE,https://www.sec.gov/Archives/edgar/data/901832/000110465926019130/azn-20251231x20f.htm | https://www.rns-pdf.londonstockexchange.com/rns/9440N_1-2026-7-26.pdf
IMFINZI,AstraZeneca,Imfinzi,durvalumab,Marketed combination backbone,Solid-tumor oncology,NSCLC | Immuno-oncology,IPH5201,2029,2029,projected,10098,0.10000000000000009,"2026E annualizes H1 2026. The scenario assumes continued indication growth through 2029, then erosion as disclosed EU/China and US exclusivity dates arrive.","Disclosed minimum exclusivity dates: China/EU 2030, US 2031 and Japan 2033. The scenario applies erosion from 2030.",2030: EU/China LOE | 2031: US LOE,https://www.sec.gov/Archives/edgar/data/901832/000110465926019130/azn-20251231x20f.htm | https://www.rns-pdf.londonstockexchange.com/rns/9440N_1-2026-7-26.pdf
IMFINZI,AstraZeneca,Imfinzi,durvalumab,Marketed combination backbone,Solid-tumor oncology,NSCLC | Immuno-oncology,IPH5201,2030,2030,projected,9088,-0.10001980590215886,"2026E annualizes H1 2026. The scenario assumes continued indication growth through 2029, then erosion as disclosed EU/China and US exclusivity dates arrive.","Disclosed minimum exclusivity dates: China/EU 2030, US 2031 and Japan 2033. The scenario applies erosion from 2030.",2030: EU/China LOE | 2031: US LOE,https://www.sec.gov/Archives/edgar/data/901832/000110465926019130/azn-20251231x20f.htm | https://www.rns-pdf.londonstockexchange.com/rns/9440N_1-2026-7-26.pdf
IMFINZI,AstraZeneca,Imfinzi,durvalumab,Marketed combination backbone,Solid-tumor oncology,NSCLC | Immuno-oncology,IPH5201,2031,2031,projected,6816,-0.25,"2026E annualizes H1 2026. The scenario assumes continued indication growth through 2029, then erosion as disclosed EU/China and US exclusivity dates arrive.","Disclosed minimum exclusivity dates: China/EU 2030, US 2031 and Japan 2033. The scenario applies erosion from 2030.",2030: EU/China LOE | 2031: US LOE,https://www.sec.gov/Archives/edgar/data/901832/000110465926019130/azn-20251231x20f.htm | https://www.rns-pdf.londonstockexchange.com/rns/9440N_1-2026-7-26.pdf
IMFINZI,AstraZeneca,Imfinzi,durvalumab,Marketed combination backbone,Solid-tumor oncology,NSCLC | Immuno-oncology,IPH5201,2032,2032,projected,5453,-0.19997065727699526,"2026E annualizes H1 2026. The scenario assumes continued indication growth through 2029, then erosion as disclosed EU/China and US exclusivity dates arrive.","Disclosed minimum exclusivity dates: China/EU 2030, US 2031 and Japan 2033. The scenario applies erosion from 2030.",2030: EU/China LOE | 2031: US LOE,https://www.sec.gov/Archives/edgar/data/901832/000110465926019130/azn-20251231x20f.htm | https://www.rns-pdf.londonstockexchange.com/rns/9440N_1-2026-7-26.pdf
FARXIGA,AstraZeneca,Farxiga / Forxiga,dapagliflozin,Marketed component in investigational combinations,Renal & metabolic | Cardiovascular,Heart failure | CKD / proteinuria,balcinrenone / dapagliflozin | zibotentan / dapagliflozin,2023,2023,reported,5963,,2026E annualizes H1 2026. The decline curve explicitly reflects the US loss of exclusivity reported in 2026 and the disclosed 2027 EU date.,"US loss of exclusivity is already affecting 2026 results; the disclosed EU date is 2027, with additional regional patent layers extending later.",2026: US LOE / erosion begins | 2027: EU LOE,https://www.sec.gov/Archives/edgar/data/901832/000110465926019130/azn-20251231x20f.htm | https://www.rns-pdf.londonstockexchange.com/rns/9440N_1-2026-7-26.pdf
FARXIGA,AstraZeneca,Farxiga / Forxiga,dapagliflozin,Marketed component in investigational combinations,Renal & metabolic | Cardiovascular,Heart failure | CKD / proteinuria,balcinrenone / dapagliflozin | zibotentan / dapagliflozin,2024,2024,reported,7656,0.28391749119570675,2026E annualizes H1 2026. The decline curve explicitly reflects the US loss of exclusivity reported in 2026 and the disclosed 2027 EU date.,"US loss of exclusivity is already affecting 2026 results; the disclosed EU date is 2027, with additional regional patent layers extending later.",2026: US LOE / erosion begins | 2027: EU LOE,https://www.sec.gov/Archives/edgar/data/901832/000110465926019130/azn-20251231x20f.htm | https://www.rns-pdf.londonstockexchange.com/rns/9440N_1-2026-7-26.pdf
FARXIGA,AstraZeneca,Farxiga / Forxiga,dapagliflozin,Marketed component in investigational combinations,Renal & metabolic | Cardiovascular,Heart failure | CKD / proteinuria,balcinrenone / dapagliflozin | zibotentan / dapagliflozin,2025,2025,reported,8492,0.10919540229885061,2026E annualizes H1 2026. The decline curve explicitly reflects the US loss of exclusivity reported in 2026 and the disclosed 2027 EU date.,"US loss of exclusivity is already affecting 2026 results; the disclosed EU date is 2027, with additional regional patent layers extending later.",2026: US LOE / erosion begins | 2027: EU LOE,https://www.sec.gov/Archives/edgar/data/901832/000110465926019130/azn-20251231x20f.htm | https://www.rns-pdf.londonstockexchange.com/rns/9440N_1-2026-7-26.pdf
FARXIGA,AstraZeneca,Farxiga / Forxiga,dapagliflozin,Marketed component in investigational combinations,Renal & metabolic | Cardiovascular,Heart failure | CKD / proteinuria,balcinrenone / dapagliflozin | zibotentan / dapagliflozin,2026E,2026,projected,7996,-0.05840791333019313,2026E annualizes H1 2026. The decline curve explicitly reflects the US loss of exclusivity reported in 2026 and the disclosed 2027 EU date.,"US loss of exclusivity is already affecting 2026 results; the disclosed EU date is 2027, with additional regional patent layers extending later.",2026: US LOE / erosion begins | 2027: EU LOE,https://www.sec.gov/Archives/edgar/data/901832/000110465926019130/azn-20251231x20f.htm | https://www.rns-pdf.londonstockexchange.com/rns/9440N_1-2026-7-26.pdf
FARXIGA,AstraZeneca,Farxiga / Forxiga,dapagliflozin,Marketed component in investigational combinations,Renal & metabolic | Cardiovascular,Heart failure | CKD / proteinuria,balcinrenone / dapagliflozin | zibotentan / dapagliflozin,2027,2027,projected,7196,-0.10005002501250626,2026E annualizes H1 2026. The decline curve explicitly reflects the US loss of exclusivity reported in 2026 and the disclosed 2027 EU date.,"US loss of exclusivity is already affecting 2026 results; the disclosed EU date is 2027, with additional regional patent layers extending later.",2026: US LOE / erosion begins | 2027: EU LOE,https://www.sec.gov/Archives/edgar/data/901832/000110465926019130/azn-20251231x20f.htm | https://www.rns-pdf.londonstockexchange.com/rns/9440N_1-2026-7-26.pdf
FARXIGA,AstraZeneca,Farxiga / Forxiga,dapagliflozin,Marketed component in investigational combinations,Renal & metabolic | Cardiovascular,Heart failure | CKD / proteinuria,balcinrenone / dapagliflozin | zibotentan / dapagliflozin,2028,2028,projected,6476,-0.10005558643690937,2026E annualizes H1 2026. The decline curve explicitly reflects the US loss of exclusivity reported in 2026 and the disclosed 2027 EU date.,"US loss of exclusivity is already affecting 2026 results; the disclosed EU date is 2027, with additional regional patent layers extending later.",2026: US LOE / erosion begins | 2027: EU LOE,https://www.sec.gov/Archives/edgar/data/901832/000110465926019130/azn-20251231x20f.htm | https://www.rns-pdf.londonstockexchange.com/rns/9440N_1-2026-7-26.pdf
FARXIGA,AstraZeneca,Farxiga / Forxiga,dapagliflozin,Marketed component in investigational combinations,Renal & metabolic | Cardiovascular,Heart failure | CKD / proteinuria,balcinrenone / dapagliflozin | zibotentan / dapagliflozin,2029,2029,projected,5893,-0.09002470660901796,2026E annualizes H1 2026. The decline curve explicitly reflects the US loss of exclusivity reported in 2026 and the disclosed 2027 EU date.,"US loss of exclusivity is already affecting 2026 results; the disclosed EU date is 2027, with additional regional patent layers extending later.",2026: US LOE / erosion begins | 2027: EU LOE,https://www.sec.gov/Archives/edgar/data/901832/000110465926019130/azn-20251231x20f.htm | https://www.rns-pdf.londonstockexchange.com/rns/9440N_1-2026-7-26.pdf
FARXIGA,AstraZeneca,Farxiga / Forxiga,dapagliflozin,Marketed component in investigational combinations,Renal & metabolic | Cardiovascular,Heart failure | CKD / proteinuria,balcinrenone / dapagliflozin | zibotentan / dapagliflozin,2030,2030,projected,5481,-0.06991345664347526,2026E annualizes H1 2026. The decline curve explicitly reflects the US loss of exclusivity reported in 2026 and the disclosed 2027 EU date.,"US loss of exclusivity is already affecting 2026 results; the disclosed EU date is 2027, with additional regional patent layers extending later.",2026: US LOE / erosion begins | 2027: EU LOE,https://www.sec.gov/Archives/edgar/data/901832/000110465926019130/azn-20251231x20f.htm | https://www.rns-pdf.londonstockexchange.com/rns/9440N_1-2026-7-26.pdf
FARXIGA,AstraZeneca,Farxiga / Forxiga,dapagliflozin,Marketed component in investigational combinations,Renal & metabolic | Cardiovascular,Heart failure | CKD / proteinuria,balcinrenone / dapagliflozin | zibotentan / dapagliflozin,2031,2031,projected,5207,-0.049990877577084425,2026E annualizes H1 2026. The decline curve explicitly reflects the US loss of exclusivity reported in 2026 and the disclosed 2027 EU date.,"US loss of exclusivity is already affecting 2026 results; the disclosed EU date is 2027, with additional regional patent layers extending later.",2026: US LOE / erosion begins | 2027: EU LOE,https://www.sec.gov/Archives/edgar/data/901832/000110465926019130/azn-20251231x20f.htm | https://www.rns-pdf.londonstockexchange.com/rns/9440N_1-2026-7-26.pdf
OPDIVO_FRANCHISE,Bristol Myers Squibb,Opdivo franchise,nivolumab; includes Opdivo Qvantig from 2025,Marketed component / IO franchise,Solid-tumor oncology,NSCLC | Immuno-oncology,atigotatug + nivolumab | nivolumab + relatlimab HD,2023,2023,reported,9009,,"2026E annualizes H1 2026 Opdivo plus Opdivo Qvantig. The scenario then applies material erosion at the disclosed US, EU and Japan exclusivity dates.","Disclosed minimum exclusivity dates for Opdivo: US 2028, EU 2030 and Japan 2031. The scenario applies sequential regional erosion.",2028: US LOE | 2030: EU LOE | 2031: Japan LOE,https://www.sec.gov/Archives/edgar/data/14272/000001427226000004/bmy-20251231.htm | https://www.bms.com/assets/bms/us/en-us/pdf/investor-info/doc_financials/quarterly_reports/2026/ghBMY-Q2-2026-Earnings-Press-Release.pdf
OPDIVO_FRANCHISE,Bristol Myers Squibb,Opdivo franchise,nivolumab; includes Opdivo Qvantig from 2025,Marketed component / IO franchise,Solid-tumor oncology,NSCLC | Immuno-oncology,atigotatug + nivolumab | nivolumab + relatlimab HD,2024,2024,reported,9304,0.03274503274503271,"2026E annualizes H1 2026 Opdivo plus Opdivo Qvantig. The scenario then applies material erosion at the disclosed US, EU and Japan exclusivity dates.","Disclosed minimum exclusivity dates for Opdivo: US 2028, EU 2030 and Japan 2031. The scenario applies sequential regional erosion.",2028: US LOE | 2030: EU LOE | 2031: Japan LOE,https://www.sec.gov/Archives/edgar/data/14272/000001427226000004/bmy-20251231.htm | https://www.bms.com/assets/bms/us/en-us/pdf/investor-info/doc_financials/quarterly_reports/2026/ghBMY-Q2-2026-Earnings-Press-Release.pdf
OPDIVO_FRANCHISE,Bristol Myers Squibb,Opdivo franchise,nivolumab; includes Opdivo Qvantig from 2025,Marketed component / IO franchise,Solid-tumor oncology,NSCLC | Immuno-oncology,atigotatug + nivolumab | nivolumab + relatlimab HD,2025,2025,reported,10287,0.10565348237317274,"2026E annualizes H1 2026 Opdivo plus Opdivo Qvantig. The scenario then applies material erosion at the disclosed US, EU and Japan exclusivity dates.","Disclosed minimum exclusivity dates for Opdivo: US 2028, EU 2030 and Japan 2031. The scenario applies sequential regional erosion.",2028: US LOE | 2030: EU LOE | 2031: Japan LOE,https://www.sec.gov/Archives/edgar/data/14272/000001427226000004/bmy-20251231.htm | https://www.bms.com/assets/bms/us/en-us/pdf/investor-info/doc_financials/quarterly_reports/2026/ghBMY-Q2-2026-Earnings-Press-Release.pdf
OPDIVO_FRANCHISE,Bristol Myers Squibb,Opdivo franchise,nivolumab; includes Opdivo Qvantig from 2025,Marketed component / IO franchise,Solid-tumor oncology,NSCLC | Immuno-oncology,atigotatug + nivolumab | nivolumab + relatlimab HD,2026E,2026,projected,10110,-0.017206182560513317,"2026E annualizes H1 2026 Opdivo plus Opdivo Qvantig. The scenario then applies material erosion at the disclosed US, EU and Japan exclusivity dates.","Disclosed minimum exclusivity dates for Opdivo: US 2028, EU 2030 and Japan 2031. The scenario applies sequential regional erosion.",2028: US LOE | 2030: EU LOE | 2031: Japan LOE,https://www.sec.gov/Archives/edgar/data/14272/000001427226000004/bmy-20251231.htm | https://www.bms.com/assets/bms/us/en-us/pdf/investor-info/doc_financials/quarterly_reports/2026/ghBMY-Q2-2026-Earnings-Press-Release.pdf
OPDIVO_FRANCHISE,Bristol Myers Squibb,Opdivo franchise,nivolumab; includes Opdivo Qvantig from 2025,Marketed component / IO franchise,Solid-tumor oncology,NSCLC | Immuno-oncology,atigotatug + nivolumab | nivolumab + relatlimab HD,2027,2027,projected,9908,-0.019980217606330397,"2026E annualizes H1 2026 Opdivo plus Opdivo Qvantig. The scenario then applies material erosion at the disclosed US, EU and Japan exclusivity dates.","Disclosed minimum exclusivity dates for Opdivo: US 2028, EU 2030 and Japan 2031. The scenario applies sequential regional erosion.",2028: US LOE | 2030: EU LOE | 2031: Japan LOE,https://www.sec.gov/Archives/edgar/data/14272/000001427226000004/bmy-20251231.htm | https://www.bms.com/assets/bms/us/en-us/pdf/investor-info/doc_financials/quarterly_reports/2026/ghBMY-Q2-2026-Earnings-Press-Release.pdf
OPDIVO_FRANCHISE,Bristol Myers Squibb,Opdivo franchise,nivolumab; includes Opdivo Qvantig from 2025,Marketed component / IO franchise,Solid-tumor oncology,NSCLC | Immuno-oncology,atigotatug + nivolumab | nivolumab + relatlimab HD,2028,2028,projected,7431,-0.25,"2026E annualizes H1 2026 Opdivo plus Opdivo Qvantig. The scenario then applies material erosion at the disclosed US, EU and Japan exclusivity dates.","Disclosed minimum exclusivity dates for Opdivo: US 2028, EU 2030 and Japan 2031. The scenario applies sequential regional erosion.",2028: US LOE | 2030: EU LOE | 2031: Japan LOE,https://www.sec.gov/Archives/edgar/data/14272/000001427226000004/bmy-20251231.htm | https://www.bms.com/assets/bms/us/en-us/pdf/investor-info/doc_financials/quarterly_reports/2026/ghBMY-Q2-2026-Earnings-Press-Release.pdf
OPDIVO_FRANCHISE,Bristol Myers Squibb,Opdivo franchise,nivolumab; includes Opdivo Qvantig from 2025,Marketed component / IO franchise,Solid-tumor oncology,NSCLC | Immuno-oncology,atigotatug + nivolumab | nivolumab + relatlimab HD,2029,2029,projected,5945,-0.19997308572197547,"2026E annualizes H1 2026 Opdivo plus Opdivo Qvantig. The scenario then applies material erosion at the disclosed US, EU and Japan exclusivity dates.","Disclosed minimum exclusivity dates for Opdivo: US 2028, EU 2030 and Japan 2031. The scenario applies sequential regional erosion.",2028: US LOE | 2030: EU LOE | 2031: Japan LOE,https://www.sec.gov/Archives/edgar/data/14272/000001427226000004/bmy-20251231.htm | https://www.bms.com/assets/bms/us/en-us/pdf/investor-info/doc_financials/quarterly_reports/2026/ghBMY-Q2-2026-Earnings-Press-Release.pdf
OPDIVO_FRANCHISE,Bristol Myers Squibb,Opdivo franchise,nivolumab; includes Opdivo Qvantig from 2025,Marketed component / IO franchise,Solid-tumor oncology,NSCLC | Immuno-oncology,atigotatug + nivolumab | nivolumab + relatlimab HD,2030,2030,projected,4459,-0.24995794785534065,"2026E annualizes H1 2026 Opdivo plus Opdivo Qvantig. The scenario then applies material erosion at the disclosed US, EU and Japan exclusivity dates.","Disclosed minimum exclusivity dates for Opdivo: US 2028, EU 2030 and Japan 2031. The scenario applies sequential regional erosion.",2028: US LOE | 2030: EU LOE | 2031: Japan LOE,https://www.sec.gov/Archives/edgar/data/14272/000001427226000004/bmy-20251231.htm | https://www.bms.com/assets/bms/us/en-us/pdf/investor-info/doc_financials/quarterly_reports/2026/ghBMY-Q2-2026-Earnings-Press-Release.pdf
OPDIVO_FRANCHISE,Bristol Myers Squibb,Opdivo franchise,nivolumab; includes Opdivo Qvantig from 2025,Marketed component / IO franchise,Solid-tumor oncology,NSCLC | Immuno-oncology,atigotatug + nivolumab | nivolumab + relatlimab HD,2031,2031,projected,3567,-0.20004485310607756,"2026E annualizes H1 2026 Opdivo plus Opdivo Qvantig. The scenario then applies material erosion at the disclosed US, EU and Japan exclusivity dates.","Disclosed minimum exclusivity dates for Opdivo: US 2028, EU 2030 and Japan 2031. The scenario applies sequential regional erosion.",2028: US LOE | 2030: EU LOE | 2031: Japan LOE,https://www.sec.gov/Archives/edgar/data/14272/000001427226000004/bmy-20251231.htm | https://www.bms.com/assets/bms/us/en-us/pdf/investor-info/doc_financials/quarterly_reports/2026/ghBMY-Q2-2026-Earnings-Press-Release.pdf
OPDIVO_FRANCHISE,Bristol Myers Squibb,Opdivo franchise,nivolumab; includes Opdivo Qvantig from 2025,Marketed component / IO franchise,Solid-tumor oncology,NSCLC | Immuno-oncology,atigotatug + nivolumab | nivolumab + relatlimab HD,2032,2032,projected,3210,-0.1000841042893188,"2026E annualizes H1 2026 Opdivo plus Opdivo Qvantig. The scenario then applies material erosion at the disclosed US, EU and Japan exclusivity dates.","Disclosed minimum exclusivity dates for Opdivo: US 2028, EU 2030 and Japan 2031. The scenario applies sequential regional erosion.",2028: US LOE | 2030: EU LOE | 2031: Japan LOE,https://www.sec.gov/Archives/edgar/data/14272/000001427226000004/bmy-20251231.htm | https://www.bms.com/assets/bms/us/en-us/pdf/investor-info/doc_financials/quarterly_reports/2026/ghBMY-Q2-2026-Earnings-Press-Release.pdf
OPDUALAG,Bristol Myers Squibb,Opdualag,nivolumab + relatlimab-rmbw,Related marketed fixed-dose combination,Solid-tumor oncology,NSCLC | Immuno-oncology,nivolumab + relatlimab HD,2023,2023,reported,627,,2026E annualizes H1 2026. A base-case cliff begins around the currently listed 2033-2034 dates; pending patent-term/SPC extensions could delay the decline.,Current table: US 2034 and EU 2033; pending extensions could move US to 2036 and parts of Europe to 2038.,2033: EU base date | 2034: US base date | 2036: Potential US extension,https://www.sec.gov/Archives/edgar/data/14272/000001427226000004/bmy-20251231.htm | https://www.bms.com/assets/bms/us/en-us/pdf/investor-info/doc_financials/quarterly_reports/2026/ghBMY-Q2-2026-Earnings-Press-Release.pdf
OPDUALAG,Bristol Myers Squibb,Opdualag,nivolumab + relatlimab-rmbw,Related marketed fixed-dose combination,Solid-tumor oncology,NSCLC | Immuno-oncology,nivolumab + relatlimab HD,2024,2024,reported,928,0.48006379585326964,2026E annualizes H1 2026. A base-case cliff begins around the currently listed 2033-2034 dates; pending patent-term/SPC extensions could delay the decline.,Current table: US 2034 and EU 2033; pending extensions could move US to 2036 and parts of Europe to 2038.,2033: EU base date | 2034: US base date | 2036: Potential US extension,https://www.sec.gov/Archives/edgar/data/14272/000001427226000004/bmy-20251231.htm | https://www.bms.com/assets/bms/us/en-us/pdf/investor-info/doc_financials/quarterly_reports/2026/ghBMY-Q2-2026-Earnings-Press-Release.pdf
OPDUALAG,Bristol Myers Squibb,Opdualag,nivolumab + relatlimab-rmbw,Related marketed fixed-dose combination,Solid-tumor oncology,NSCLC | Immuno-oncology,nivolumab + relatlimab HD,2025,2025,reported,1185,0.2769396551724137,2026E annualizes H1 2026. A base-case cliff begins around the currently listed 2033-2034 dates; pending patent-term/SPC extensions could delay the decline.,Current table: US 2034 and EU 2033; pending extensions could move US to 2036 and parts of Europe to 2038.,2033: EU base date | 2034: US base date | 2036: Potential US extension,https://www.sec.gov/Archives/edgar/data/14272/000001427226000004/bmy-20251231.htm | https://www.bms.com/assets/bms/us/en-us/pdf/investor-info/doc_financials/quarterly_reports/2026/ghBMY-Q2-2026-Earnings-Press-Release.pdf
OPDUALAG,Bristol Myers Squibb,Opdualag,nivolumab + relatlimab-rmbw,Related marketed fixed-dose combination,Solid-tumor oncology,NSCLC | Immuno-oncology,nivolumab + relatlimab HD,2026E,2026,projected,1288,0.08691983122362879,2026E annualizes H1 2026. A base-case cliff begins around the currently listed 2033-2034 dates; pending patent-term/SPC extensions could delay the decline.,Current table: US 2034 and EU 2033; pending extensions could move US to 2036 and parts of Europe to 2038.,2033: EU base date | 2034: US base date | 2036: Potential US extension,https://www.sec.gov/Archives/edgar/data/14272/000001427226000004/bmy-20251231.htm | https://www.bms.com/assets/bms/us/en-us/pdf/investor-info/doc_financials/quarterly_reports/2026/ghBMY-Q2-2026-Earnings-Press-Release.pdf
OPDUALAG,Bristol Myers Squibb,Opdualag,nivolumab + relatlimab-rmbw,Related marketed fixed-dose combination,Solid-tumor oncology,NSCLC | Immuno-oncology,nivolumab + relatlimab HD,2027,2027,projected,1518,0.1785714285714286,2026E annualizes H1 2026. A base-case cliff begins around the currently listed 2033-2034 dates; pending patent-term/SPC extensions could delay the decline.,Current table: US 2034 and EU 2033; pending extensions could move US to 2036 and parts of Europe to 2038.,2033: EU base date | 2034: US base date | 2036: Potential US extension,https://www.sec.gov/Archives/edgar/data/14272/000001427226000004/bmy-20251231.htm | https://www.bms.com/assets/bms/us/en-us/pdf/investor-info/doc_financials/quarterly_reports/2026/ghBMY-Q2-2026-Earnings-Press-Release.pdf
OPDUALAG,Bristol Myers Squibb,Opdualag,nivolumab + relatlimab-rmbw,Related marketed fixed-dose combination,Solid-tumor oncology,NSCLC | Immuno-oncology,nivolumab + relatlimab HD,2028,2028,projected,1776,0.1699604743083003,2026E annualizes H1 2026. A base-case cliff begins around the currently listed 2033-2034 dates; pending patent-term/SPC extensions could delay the decline.,Current table: US 2034 and EU 2033; pending extensions could move US to 2036 and parts of Europe to 2038.,2033: EU base date | 2034: US base date | 2036: Potential US extension,https://www.sec.gov/Archives/edgar/data/14272/000001427226000004/bmy-20251231.htm | https://www.bms.com/assets/bms/us/en-us/pdf/investor-info/doc_financials/quarterly_reports/2026/ghBMY-Q2-2026-Earnings-Press-Release.pdf
OPDUALAG,Bristol Myers Squibb,Opdualag,nivolumab + relatlimab-rmbw,Related marketed fixed-dose combination,Solid-tumor oncology,NSCLC | Immuno-oncology,nivolumab + relatlimab HD,2029,2029,projected,2016,0.1351351351351351,2026E annualizes H1 2026. A base-case cliff begins around the currently listed 2033-2034 dates; pending patent-term/SPC extensions could delay the decline.,Current table: US 2034 and EU 2033; pending extensions could move US to 2036 and parts of Europe to 2038.,2033: EU base date | 2034: US base date | 2036: Potential US extension,https://www.sec.gov/Archives/edgar/data/14272/000001427226000004/bmy-20251231.htm | https://www.bms.com/assets/bms/us/en-us/pdf/investor-info/doc_financials/quarterly_reports/2026/ghBMY-Q2-2026-Earnings-Press-Release.pdf
OPDUALAG,Bristol Myers Squibb,Opdualag,nivolumab + relatlimab-rmbw,Related marketed fixed-dose combination,Solid-tumor oncology,NSCLC | Immuno-oncology,nivolumab + relatlimab HD,2030,2030,projected,2218,0.10019841269841279,2026E annualizes H1 2026. A base-case cliff begins around the currently listed 2033-2034 dates; pending patent-term/SPC extensions could delay the decline.,Current table: US 2034 and EU 2033; pending extensions could move US to 2036 and parts of Europe to 2038.,2033: EU base date | 2034: US base date | 2036: Potential US extension,https://www.sec.gov/Archives/edgar/data/14272/000001427226000004/bmy-20251231.htm | https://www.bms.com/assets/bms/us/en-us/pdf/investor-info/doc_financials/quarterly_reports/2026/ghBMY-Q2-2026-Earnings-Press-Release.pdf
OPDUALAG,Bristol Myers Squibb,Opdualag,nivolumab + relatlimab-rmbw,Related marketed fixed-dose combination,Solid-tumor oncology,NSCLC | Immuno-oncology,nivolumab + relatlimab HD,2031,2031,projected,2373,0.06988277727682601,2026E annualizes H1 2026. A base-case cliff begins around the currently listed 2033-2034 dates; pending patent-term/SPC extensions could delay the decline.,Current table: US 2034 and EU 2033; pending extensions could move US to 2036 and parts of Europe to 2038.,2033: EU base date | 2034: US base date | 2036: Potential US extension,https://www.sec.gov/Archives/edgar/data/14272/000001427226000004/bmy-20251231.htm | https://www.bms.com/assets/bms/us/en-us/pdf/investor-info/doc_financials/quarterly_reports/2026/ghBMY-Q2-2026-Earnings-Press-Release.pdf
OPDUALAG,Bristol Myers Squibb,Opdualag,nivolumab + relatlimab-rmbw,Related marketed fixed-dose combination,Solid-tumor oncology,NSCLC | Immuno-oncology,nivolumab + relatlimab HD,2032,2032,projected,2470,0.040876527602191404,2026E annualizes H1 2026. A base-case cliff begins around the currently listed 2033-2034 dates; pending patent-term/SPC extensions could delay the decline.,Current table: US 2034 and EU 2033; pending extensions could move US to 2036 and parts of Europe to 2038.,2033: EU base date | 2034: US base date | 2036: Potential US extension,https://www.sec.gov/Archives/edgar/data/14272/000001427226000004/bmy-20251231.htm | https://www.bms.com/assets/bms/us/en-us/pdf/investor-info/doc_financials/quarterly_reports/2026/ghBMY-Q2-2026-Earnings-Press-Release.pdf
OPDUALAG,Bristol Myers Squibb,Opdualag,nivolumab + relatlimab-rmbw,Related marketed fixed-dose combination,Solid-tumor oncology,NSCLC | Immuno-oncology,nivolumab + relatlimab HD,2033,2033,projected,2347,-0.04979757085020242,2026E annualizes H1 2026. A base-case cliff begins around the currently listed 2033-2034 dates; pending patent-term/SPC extensions could delay the decline.,Current table: US 2034 and EU 2033; pending extensions could move US to 2036 and parts of Europe to 2038.,2033: EU base date | 2034: US base date | 2036: Potential US extension,https://www.sec.gov/Archives/edgar/data/14272/000001427226000004/bmy-20251231.htm | https://www.bms.com/assets/bms/us/en-us/pdf/investor-info/doc_financials/quarterly_reports/2026/ghBMY-Q2-2026-Earnings-Press-Release.pdf
OPDUALAG,Bristol Myers Squibb,Opdualag,nivolumab + relatlimab-rmbw,Related marketed fixed-dose combination,Solid-tumor oncology,NSCLC | Immuno-oncology,nivolumab + relatlimab HD,2034,2034,projected,1878,-0.19982956966340004,2026E annualizes H1 2026. A base-case cliff begins around the currently listed 2033-2034 dates; pending patent-term/SPC extensions could delay the decline.,Current table: US 2034 and EU 2033; pending extensions could move US to 2036 and parts of Europe to 2038.,2033: EU base date | 2034: US base date | 2036: Potential US extension,https://www.sec.gov/Archives/edgar/data/14272/000001427226000004/bmy-20251231.htm | https://www.bms.com/assets/bms/us/en-us/pdf/investor-info/doc_financials/quarterly_reports/2026/ghBMY-Q2-2026-Earnings-Press-Release.pdf
OPDUALAG,Bristol Myers Squibb,Opdualag,nivolumab + relatlimab-rmbw,Related marketed fixed-dose combination,Solid-tumor oncology,NSCLC | Immuno-oncology,nivolumab + relatlimab HD,2035,2035,projected,1502,-0.20021299254526093,2026E annualizes H1 2026. A base-case cliff begins around the currently listed 2033-2034 dates; pending patent-term/SPC extensions could delay the decline.,Current table: US 2034 and EU 2033; pending extensions could move US to 2036 and parts of Europe to 2038.,2033: EU base date | 2034: US base date | 2036: Potential US extension,https://www.sec.gov/Archives/edgar/data/14272/000001427226000004/bmy-20251231.htm | https://www.bms.com/assets/bms/us/en-us/pdf/investor-info/doc_financials/quarterly_reports/2026/ghBMY-Q2-2026-Earnings-Press-Release.pdf
OPDUALAG,Bristol Myers Squibb,Opdualag,nivolumab + relatlimab-rmbw,Related marketed fixed-dose combination,Solid-tumor oncology,NSCLC | Immuno-oncology,nivolumab + relatlimab HD,2036,2036,projected,901,-0.40013315579227693,2026E annualizes H1 2026. A base-case cliff begins around the currently listed 2033-2034 dates; pending patent-term/SPC extensions could delay the decline.,Current table: US 2034 and EU 2033; pending extensions could move US to 2036 and parts of Europe to 2038.,2033: EU base date | 2034: US base date | 2036: Potential US extension,https://www.sec.gov/Archives/edgar/data/14272/000001427226000004/bmy-20251231.htm | https://www.bms.com/assets/bms/us/en-us/pdf/investor-info/doc_financials/quarterly_reports/2026/ghBMY-Q2-2026-Earnings-Press-Release.pdf
BREYANZI,Bristol Myers Squibb,Breyanzi,lisocabtagene maraleucel,B-cell lymphoma cell-therapy benchmark,Hematology,B-cell lymphoma,,2023,2023,reported,364,,2026E annualizes H1 2026. The scenario assumes continued uptake followed by erosion at the currently disclosed minimum exclusivity date.,"Current minimum exclusivity is 2033 across the US, EU and Japan; a US patent-term-restoration application could extend to 2034.",2033: Current minimum LOE | 2034: Potential US extension,https://www.sec.gov/Archives/edgar/data/14272/000001427226000004/bmy-20251231.htm | https://www.bms.com/assets/bms/us/en-us/pdf/investor-info/doc_financials/quarterly_reports/2026/ghBMY-Q2-2026-Earnings-Press-Release.pdf
BREYANZI,Bristol Myers Squibb,Breyanzi,lisocabtagene maraleucel,B-cell lymphoma cell-therapy benchmark,Hematology,B-cell lymphoma,,2024,2024,reported,747,1.052197802197802,2026E annualizes H1 2026. The scenario assumes continued uptake followed by erosion at the currently disclosed minimum exclusivity date.,"Current minimum exclusivity is 2033 across the US, EU and Japan; a US patent-term-restoration application could extend to 2034.",2033: Current minimum LOE | 2034: Potential US extension,https://www.sec.gov/Archives/edgar/data/14272/000001427226000004/bmy-20251231.htm | https://www.bms.com/assets/bms/us/en-us/pdf/investor-info/doc_financials/quarterly_reports/2026/ghBMY-Q2-2026-Earnings-Press-Release.pdf
BREYANZI,Bristol Myers Squibb,Breyanzi,lisocabtagene maraleucel,B-cell lymphoma cell-therapy benchmark,Hematology,B-cell lymphoma,,2025,2025,reported,1358,0.8179384203480589,2026E annualizes H1 2026. The scenario assumes continued uptake followed by erosion at the currently disclosed minimum exclusivity date.,"Current minimum exclusivity is 2033 across the US, EU and Japan; a US patent-term-restoration application could extend to 2034.",2033: Current minimum LOE | 2034: Potential US extension,https://www.sec.gov/Archives/edgar/data/14272/000001427226000004/bmy-20251231.htm | https://www.bms.com/assets/bms/us/en-us/pdf/investor-info/doc_financials/quarterly_reports/2026/ghBMY-Q2-2026-Earnings-Press-Release.pdf
BREYANZI,Bristol Myers Squibb,Breyanzi,lisocabtagene maraleucel,B-cell lymphoma cell-therapy benchmark,Hematology,B-cell lymphoma,,2026E,2026,projected,1792,0.31958762886597936,2026E annualizes H1 2026. The scenario assumes continued uptake followed by erosion at the currently disclosed minimum exclusivity date.,"Current minimum exclusivity is 2033 across the US, EU and Japan; a US patent-term-restoration application could extend to 2034.",2033: Current minimum LOE | 2034: Potential US extension,https://www.sec.gov/Archives/edgar/data/14272/000001427226000004/bmy-20251231.htm | https://www.bms.com/assets/bms/us/en-us/pdf/investor-info/doc_financials/quarterly_reports/2026/ghBMY-Q2-2026-Earnings-Press-Release.pdf
BREYANZI,Bristol Myers Squibb,Breyanzi,lisocabtagene maraleucel,B-cell lymphoma cell-therapy benchmark,Hematology,B-cell lymphoma,,2027,2027,projected,2150,0.1997767857142858,2026E annualizes H1 2026. The scenario assumes continued uptake followed by erosion at the currently disclosed minimum exclusivity date.,"Current minimum exclusivity is 2033 across the US, EU and Japan; a US patent-term-restoration application could extend to 2034.",2033: Current minimum LOE | 2034: Potential US extension,https://www.sec.gov/Archives/edgar/data/14272/000001427226000004/bmy-20251231.htm | https://www.bms.com/assets/bms/us/en-us/pdf/investor-info/doc_financials/quarterly_reports/2026/ghBMY-Q2-2026-Earnings-Press-Release.pdf
BREYANZI,Bristol Myers Squibb,Breyanzi,lisocabtagene maraleucel,B-cell lymphoma cell-therapy benchmark,Hematology,B-cell lymphoma,,2028,2028,projected,2451,0.1399999999999999,2026E annualizes H1 2026. The scenario assumes continued uptake followed by erosion at the currently disclosed minimum exclusivity date.,"Current minimum exclusivity is 2033 across the US, EU and Japan; a US patent-term-restoration application could extend to 2034.",2033: Current minimum LOE | 2034: Potential US extension,https://www.sec.gov/Archives/edgar/data/14272/000001427226000004/bmy-20251231.htm | https://www.bms.com/assets/bms/us/en-us/pdf/investor-info/doc_financials/quarterly_reports/2026/ghBMY-Q2-2026-Earnings-Press-Release.pdf
BREYANZI,Bristol Myers Squibb,Breyanzi,lisocabtagene maraleucel,B-cell lymphoma cell-therapy benchmark,Hematology,B-cell lymphoma,,2029,2029,projected,2647,0.07996736026111795,2026E annualizes H1 2026. The scenario assumes continued uptake followed by erosion at the currently disclosed minimum exclusivity date.,"Current minimum exclusivity is 2033 across the US, EU and Japan; a US patent-term-restoration application could extend to 2034.",2033: Current minimum LOE | 2034: Potential US extension,https://www.sec.gov/Archives/edgar/data/14272/000001427226000004/bmy-20251231.htm | https://www.bms.com/assets/bms/us/en-us/pdf/investor-info/doc_financials/quarterly_reports/2026/ghBMY-Q2-2026-Earnings-Press-Release.pdf
BREYANZI,Bristol Myers Squibb,Breyanzi,lisocabtagene maraleucel,B-cell lymphoma cell-therapy benchmark,Hematology,B-cell lymphoma,,2030,2030,projected,2806,0.060068001511144775,2026E annualizes H1 2026. The scenario assumes continued uptake followed by erosion at the currently disclosed minimum exclusivity date.,"Current minimum exclusivity is 2033 across the US, EU and Japan; a US patent-term-restoration application could extend to 2034.",2033: Current minimum LOE | 2034: Potential US extension,https://www.sec.gov/Archives/edgar/data/14272/000001427226000004/bmy-20251231.htm | https://www.bms.com/assets/bms/us/en-us/pdf/investor-info/doc_financials/quarterly_reports/2026/ghBMY-Q2-2026-Earnings-Press-Release.pdf
BREYANZI,Bristol Myers Squibb,Breyanzi,lisocabtagene maraleucel,B-cell lymphoma cell-therapy benchmark,Hematology,B-cell lymphoma,,2031,2031,projected,2918,0.03991446899501061,2026E annualizes H1 2026. The scenario assumes continued uptake followed by erosion at the currently disclosed minimum exclusivity date.,"Current minimum exclusivity is 2033 across the US, EU and Japan; a US patent-term-restoration application could extend to 2034.",2033: Current minimum LOE | 2034: Potential US extension,https://www.sec.gov/Archives/edgar/data/14272/000001427226000004/bmy-20251231.htm | https://www.bms.com/assets/bms/us/en-us/pdf/investor-info/doc_financials/quarterly_reports/2026/ghBMY-Q2-2026-Earnings-Press-Release.pdf
BREYANZI,Bristol Myers Squibb,Breyanzi,lisocabtagene maraleucel,B-cell lymphoma cell-therapy benchmark,Hematology,B-cell lymphoma,,2032,2032,projected,3006,0.030157642220699055,2026E annualizes H1 2026. The scenario assumes continued uptake followed by erosion at the currently disclosed minimum exclusivity date.,"Current minimum exclusivity is 2033 across the US, EU and Japan; a US patent-term-restoration application could extend to 2034.",2033: Current minimum LOE | 2034: Potential US extension,https://www.sec.gov/Archives/edgar/data/14272/000001427226000004/bmy-20251231.htm | https://www.bms.com/assets/bms/us/en-us/pdf/investor-info/doc_financials/quarterly_reports/2026/ghBMY-Q2-2026-Earnings-Press-Release.pdf
BREYANZI,Bristol Myers Squibb,Breyanzi,lisocabtagene maraleucel,B-cell lymphoma cell-therapy benchmark,Hematology,B-cell lymphoma,,2033,2033,projected,2705,-0.10013306719893544,2026E annualizes H1 2026. The scenario assumes continued uptake followed by erosion at the currently disclosed minimum exclusivity date.,"Current minimum exclusivity is 2033 across the US, EU and Japan; a US patent-term-restoration application could extend to 2034.",2033: Current minimum LOE | 2034: Potential US extension,https://www.sec.gov/Archives/edgar/data/14272/000001427226000004/bmy-20251231.htm | https://www.bms.com/assets/bms/us/en-us/pdf/investor-info/doc_financials/quarterly_reports/2026/ghBMY-Q2-2026-Earnings-Press-Release.pdf
BREYANZI,Bristol Myers Squibb,Breyanzi,lisocabtagene maraleucel,B-cell lymphoma cell-therapy benchmark,Hematology,B-cell lymphoma,,2034,2034,projected,2164,-0.19999999999999996,2026E annualizes H1 2026. The scenario assumes continued uptake followed by erosion at the currently disclosed minimum exclusivity date.,"Current minimum exclusivity is 2033 across the US, EU and Japan; a US patent-term-restoration application could extend to 2034.",2033: Current minimum LOE | 2034: Potential US extension,https://www.sec.gov/Archives/edgar/data/14272/000001427226000004/bmy-20251231.htm | https://www.bms.com/assets/bms/us/en-us/pdf/investor-info/doc_financials/quarterly_reports/2026/ghBMY-Q2-2026-Earnings-Press-Release.pdf
CAMZYOS,Bristol Myers Squibb,Camzyos,mavacamten,Cardiac-myosin commercial benchmark,Cardiovascular,Heart failure,,2023,2023,reported,231,,2026E annualizes H1 2026. The scenario uses a maturing growth curve and applies erosion at the disclosed US patent expiry.,US patent expiry is 2036; granted/pending extensions indicate 2038 in major European markets and 2039 in Japan.,2036: US LOE,https://www.sec.gov/Archives/edgar/data/14272/000001427226000004/bmy-20251231.htm | https://www.bms.com/assets/bms/us/en-us/pdf/investor-info/doc_financials/quarterly_reports/2026/ghBMY-Q2-2026-Earnings-Press-Release.pdf
CAMZYOS,Bristol Myers Squibb,Camzyos,mavacamten,Cardiac-myosin commercial benchmark,Cardiovascular,Heart failure,,2024,2024,reported,602,1.606060606060606,2026E annualizes H1 2026. The scenario uses a maturing growth curve and applies erosion at the disclosed US patent expiry.,US patent expiry is 2036; granted/pending extensions indicate 2038 in major European markets and 2039 in Japan.,2036: US LOE,https://www.sec.gov/Archives/edgar/data/14272/000001427226000004/bmy-20251231.htm | https://www.bms.com/assets/bms/us/en-us/pdf/investor-info/doc_financials/quarterly_reports/2026/ghBMY-Q2-2026-Earnings-Press-Release.pdf
CAMZYOS,Bristol Myers Squibb,Camzyos,mavacamten,Cardiac-myosin commercial benchmark,Cardiovascular,Heart failure,,2025,2025,reported,1068,0.7740863787375416,2026E annualizes H1 2026. The scenario uses a maturing growth curve and applies erosion at the disclosed US patent expiry.,US patent expiry is 2036; granted/pending extensions indicate 2038 in major European markets and 2039 in Japan.,2036: US LOE,https://www.sec.gov/Archives/edgar/data/14272/000001427226000004/bmy-20251231.htm | https://www.bms.com/assets/bms/us/en-us/pdf/investor-info/doc_financials/quarterly_reports/2026/ghBMY-Q2-2026-Earnings-Press-Release.pdf
CAMZYOS,Bristol Myers Squibb,Camzyos,mavacamten,Cardiac-myosin commercial benchmark,Cardiovascular,Heart failure,,2026E,2026,projected,1458,0.3651685393258426,2026E annualizes H1 2026. The scenario uses a maturing growth curve and applies erosion at the disclosed US patent expiry.,US patent expiry is 2036; granted/pending extensions indicate 2038 in major European markets and 2039 in Japan.,2036: US LOE,https://www.sec.gov/Archives/edgar/data/14272/000001427226000004/bmy-20251231.htm | https://www.bms.com/assets/bms/us/en-us/pdf/investor-info/doc_financials/quarterly_reports/2026/ghBMY-Q2-2026-Earnings-Press-Release.pdf
CAMZYOS,Bristol Myers Squibb,Camzyos,mavacamten,Cardiac-myosin commercial benchmark,Cardiovascular,Heart failure,,2027,2027,projected,1814,0.24417009602194795,2026E annualizes H1 2026. The scenario uses a maturing growth curve and applies erosion at the disclosed US patent expiry.,US patent expiry is 2036; granted/pending extensions indicate 2038 in major European markets and 2039 in Japan.,2036: US LOE,https://www.sec.gov/Archives/edgar/data/14272/000001427226000004/bmy-20251231.htm | https://www.bms.com/assets/bms/us/en-us/pdf/investor-info/doc_financials/quarterly_reports/2026/ghBMY-Q2-2026-Earnings-Press-Release.pdf
CAMZYOS,Bristol Myers Squibb,Camzyos,mavacamten,Cardiac-myosin commercial benchmark,Cardiovascular,Heart failure,,2028,2028,projected,2141,0.18026460859977944,2026E annualizes H1 2026. The scenario uses a maturing growth curve and applies erosion at the disclosed US patent expiry.,US patent expiry is 2036; granted/pending extensions indicate 2038 in major European markets and 2039 in Japan.,2036: US LOE,https://www.sec.gov/Archives/edgar/data/14272/000001427226000004/bmy-20251231.htm | https://www.bms.com/assets/bms/us/en-us/pdf/investor-info/doc_financials/quarterly_reports/2026/ghBMY-Q2-2026-Earnings-Press-Release.pdf
CAMZYOS,Bristol Myers Squibb,Camzyos,mavacamten,Cardiac-myosin commercial benchmark,Cardiovascular,Heart failure,,2029,2029,projected,2398,0.12003736571695467,2026E annualizes H1 2026. The scenario uses a maturing growth curve and applies erosion at the disclosed US patent expiry.,US patent expiry is 2036; granted/pending extensions indicate 2038 in major European markets and 2039 in Japan.,2036: US LOE,https://www.sec.gov/Archives/edgar/data/14272/000001427226000004/bmy-20251231.htm | https://www.bms.com/assets/bms/us/en-us/pdf/investor-info/doc_financials/quarterly_reports/2026/ghBMY-Q2-2026-Earnings-Press-Release.pdf
CAMZYOS,Bristol Myers Squibb,Camzyos,mavacamten,Cardiac-myosin commercial benchmark,Cardiovascular,Heart failure,,2030,2030,projected,2590,0.08006672226855716,2026E annualizes H1 2026. The scenario uses a maturing growth curve and applies erosion at the disclosed US patent expiry.,US patent expiry is 2036; granted/pending extensions indicate 2038 in major European markets and 2039 in Japan.,2036: US LOE,https://www.sec.gov/Archives/edgar/data/14272/000001427226000004/bmy-20251231.htm | https://www.bms.com/assets/bms/us/en-us/pdf/investor-info/doc_financials/quarterly_reports/2026/ghBMY-Q2-2026-Earnings-Press-Release.pdf
CAMZYOS,Bristol Myers Squibb,Camzyos,mavacamten,Cardiac-myosin commercial benchmark,Cardiovascular,Heart failure,,2031,2031,projected,2745,0.05984555984555984,2026E annualizes H1 2026. The scenario uses a maturing growth curve and applies erosion at the disclosed US patent expiry.,US patent expiry is 2036; granted/pending extensions indicate 2038 in major European markets and 2039 in Japan.,2036: US LOE,https://www.sec.gov/Archives/edgar/data/14272/000001427226000004/bmy-20251231.htm | https://www.bms.com/assets/bms/us/en-us/pdf/investor-info/doc_financials/quarterly_reports/2026/ghBMY-Q2-2026-Earnings-Press-Release.pdf
CAMZYOS,Bristol Myers Squibb,Camzyos,mavacamten,Cardiac-myosin commercial benchmark,Cardiovascular,Heart failure,,2032,2032,projected,2855,0.04007285974499086,2026E annualizes H1 2026. The scenario uses a maturing growth curve and applies erosion at the disclosed US patent expiry.,US patent expiry is 2036; granted/pending extensions indicate 2038 in major European markets and 2039 in Japan.,2036: US LOE,https://www.sec.gov/Archives/edgar/data/14272/000001427226000004/bmy-20251231.htm | https://www.bms.com/assets/bms/us/en-us/pdf/investor-info/doc_financials/quarterly_reports/2026/ghBMY-Q2-2026-Earnings-Press-Release.pdf
CAMZYOS,Bristol Myers Squibb,Camzyos,mavacamten,Cardiac-myosin commercial benchmark,Cardiovascular,Heart failure,,2033,2033,projected,2941,0.030122591943958055,2026E annualizes H1 2026. The scenario uses a maturing growth curve and applies erosion at the disclosed US patent expiry.,US patent expiry is 2036; granted/pending extensions indicate 2038 in major European markets and 2039 in Japan.,2036: US LOE,https://www.sec.gov/Archives/edgar/data/14272/000001427226000004/bmy-20251231.htm | https://www.bms.com/assets/bms/us/en-us/pdf/investor-info/doc_financials/quarterly_reports/2026/ghBMY-Q2-2026-Earnings-Press-Release.pdf
CAMZYOS,Bristol Myers Squibb,Camzyos,mavacamten,Cardiac-myosin commercial benchmark,Cardiovascular,Heart failure,,2034,2034,projected,3029,0.029921795307718435,2026E annualizes H1 2026. The scenario uses a maturing growth curve and applies erosion at the disclosed US patent expiry.,US patent expiry is 2036; granted/pending extensions indicate 2038 in major European markets and 2039 in Japan.,2036: US LOE,https://www.sec.gov/Archives/edgar/data/14272/000001427226000004/bmy-20251231.htm | https://www.bms.com/assets/bms/us/en-us/pdf/investor-info/doc_financials/quarterly_reports/2026/ghBMY-Q2-2026-Earnings-Press-Release.pdf
CAMZYOS,Bristol Myers Squibb,Camzyos,mavacamten,Cardiac-myosin commercial benchmark,Cardiovascular,Heart failure,,2035,2035,projected,3090,0.020138659623638144,2026E annualizes H1 2026. The scenario uses a maturing growth curve and applies erosion at the disclosed US patent expiry.,US patent expiry is 2036; granted/pending extensions indicate 2038 in major European markets and 2039 in Japan.,2036: US LOE,https://www.sec.gov/Archives/edgar/data/14272/000001427226000004/bmy-20251231.htm | https://www.bms.com/assets/bms/us/en-us/pdf/investor-info/doc_financials/quarterly_reports/2026/ghBMY-Q2-2026-Earnings-Press-Release.pdf
CAMZYOS,Bristol Myers Squibb,Camzyos,mavacamten,Cardiac-myosin commercial benchmark,Cardiovascular,Heart failure,,2036,2036,projected,2472,-0.19999999999999996,2026E annualizes H1 2026. The scenario uses a maturing growth curve and applies erosion at the disclosed US patent expiry.,US patent expiry is 2036; granted/pending extensions indicate 2038 in major European markets and 2039 in Japan.,2036: US LOE,https://www.sec.gov/Archives/edgar/data/14272/000001427226000004/bmy-20251231.htm | https://www.bms.com/assets/bms/us/en-us/pdf/investor-info/doc_financials/quarterly_reports/2026/ghBMY-Q2-2026-Earnings-Press-Release.pdf
CAMZYOS,Bristol Myers Squibb,Camzyos,mavacamten,Cardiac-myosin commercial benchmark,Cardiovascular,Heart failure,,2037,2037,projected,1483,-0.40008090614886727,2026E annualizes H1 2026. The scenario uses a maturing growth curve and applies erosion at the disclosed US patent expiry.,US patent expiry is 2036; granted/pending extensions indicate 2038 in major European markets and 2039 in Japan.,2036: US LOE,https://www.sec.gov/Archives/edgar/data/14272/000001427226000004/bmy-20251231.htm | https://www.bms.com/assets/bms/us/en-us/pdf/investor-info/doc_financials/quarterly_reports/2026/ghBMY-Q2-2026-Earnings-Press-Release.pdf
REVLIMID,Bristol Myers Squibb,Revlimid,lenalidomide,Multiple-myeloma franchise benchmark,Hematology,Multiple myeloma,,2023,2023,reported,6097,,2026E annualizes H1 2026. The decline reflects unrestricted US generic entry from 31 January 2026 and existing generic competition outside the US.,US volume-limited generic licenses became unrestricted on 31 January 2026; generics are already present in Europe and Japan.,2026: Unrestricted US generics,https://www.sec.gov/Archives/edgar/data/14272/000001427226000004/bmy-20251231.htm | https://www.bms.com/assets/bms/us/en-us/pdf/investor-info/doc_financials/quarterly_reports/2026/ghBMY-Q2-2026-Earnings-Press-Release.pdf
REVLIMID,Bristol Myers Squibb,Revlimid,lenalidomide,Multiple-myeloma franchise benchmark,Hematology,Multiple myeloma,,2024,2024,reported,5773,-0.05314088896178448,2026E annualizes H1 2026. The decline reflects unrestricted US generic entry from 31 January 2026 and existing generic competition outside the US.,US volume-limited generic licenses became unrestricted on 31 January 2026; generics are already present in Europe and Japan.,2026: Unrestricted US generics,https://www.sec.gov/Archives/edgar/data/14272/000001427226000004/bmy-20251231.htm | https://www.bms.com/assets/bms/us/en-us/pdf/investor-info/doc_financials/quarterly_reports/2026/ghBMY-Q2-2026-Earnings-Press-Release.pdf
REVLIMID,Bristol Myers Squibb,Revlimid,lenalidomide,Multiple-myeloma franchise benchmark,Hematology,Multiple myeloma,,2025,2025,reported,2951,-0.48882729949766157,2026E annualizes H1 2026. The decline reflects unrestricted US generic entry from 31 January 2026 and existing generic competition outside the US.,US volume-limited generic licenses became unrestricted on 31 January 2026; generics are already present in Europe and Japan.,2026: Unrestricted US generics,https://www.sec.gov/Archives/edgar/data/14272/000001427226000004/bmy-20251231.htm | https://www.bms.com/assets/bms/us/en-us/pdf/investor-info/doc_financials/quarterly_reports/2026/ghBMY-Q2-2026-Earnings-Press-Release.pdf
REVLIMID,Bristol Myers Squibb,Revlimid,lenalidomide,Multiple-myeloma franchise benchmark,Hematology,Multiple myeloma,,2026E,2026,projected,1546,-0.47610979329041003,2026E annualizes H1 2026. The decline reflects unrestricted US generic entry from 31 January 2026 and existing generic competition outside the US.,US volume-limited generic licenses became unrestricted on 31 January 2026; generics are already present in Europe and Japan.,2026: Unrestricted US generics,https://www.sec.gov/Archives/edgar/data/14272/000001427226000004/bmy-20251231.htm | https://www.bms.com/assets/bms/us/en-us/pdf/investor-info/doc_financials/quarterly_reports/2026/ghBMY-Q2-2026-Earnings-Press-Release.pdf
REVLIMID,Bristol Myers Squibb,Revlimid,lenalidomide,Multiple-myeloma franchise benchmark,Hematology,Multiple myeloma,,2027,2027,projected,850,-0.4501940491591203,2026E annualizes H1 2026. The decline reflects unrestricted US generic entry from 31 January 2026 and existing generic competition outside the US.,US volume-limited generic licenses became unrestricted on 31 January 2026; generics are already present in Europe and Japan.,2026: Unrestricted US generics,https://www.sec.gov/Archives/edgar/data/14272/000001427226000004/bmy-20251231.htm | https://www.bms.com/assets/bms/us/en-us/pdf/investor-info/doc_financials/quarterly_reports/2026/ghBMY-Q2-2026-Earnings-Press-Release.pdf
REVLIMID,Bristol Myers Squibb,Revlimid,lenalidomide,Multiple-myeloma franchise benchmark,Hematology,Multiple myeloma,,2028,2028,projected,550,-0.3529411764705882,2026E annualizes H1 2026. The decline reflects unrestricted US generic entry from 31 January 2026 and existing generic competition outside the US.,US volume-limited generic licenses became unrestricted on 31 January 2026; generics are already present in Europe and Japan.,2026: Unrestricted US generics,https://www.sec.gov/Archives/edgar/data/14272/000001427226000004/bmy-20251231.htm | https://www.bms.com/assets/bms/us/en-us/pdf/investor-info/doc_financials/quarterly_reports/2026/ghBMY-Q2-2026-Earnings-Press-Release.pdf
REVLIMID,Bristol Myers Squibb,Revlimid,lenalidomide,Multiple-myeloma franchise benchmark,Hematology,Multiple myeloma,,2029,2029,projected,400,-0.2727272727272727,2026E annualizes H1 2026. The decline reflects unrestricted US generic entry from 31 January 2026 and existing generic competition outside the US.,US volume-limited generic licenses became unrestricted on 31 January 2026; generics are already present in Europe and Japan.,2026: Unrestricted US generics,https://www.sec.gov/Archives/edgar/data/14272/000001427226000004/bmy-20251231.htm | https://www.bms.com/assets/bms/us/en-us/pdf/investor-info/doc_financials/quarterly_reports/2026/ghBMY-Q2-2026-Earnings-Press-Release.pdf
REVLIMID,Bristol Myers Squibb,Revlimid,lenalidomide,Multiple-myeloma franchise benchmark,Hematology,Multiple myeloma,,2030,2030,projected,300,-0.25,2026E annualizes H1 2026. The decline reflects unrestricted US generic entry from 31 January 2026 and existing generic competition outside the US.,US volume-limited generic licenses became unrestricted on 31 January 2026; generics are already present in Europe and Japan.,2026: Unrestricted US generics,https://www.sec.gov/Archives/edgar/data/14272/000001427226000004/bmy-20251231.htm | https://www.bms.com/assets/bms/us/en-us/pdf/investor-info/doc_financials/quarterly_reports/2026/ghBMY-Q2-2026-Earnings-Press-Release.pdf
REVLIMID,Bristol Myers Squibb,Revlimid,lenalidomide,Multiple-myeloma franchise benchmark,Hematology,Multiple myeloma,,2031,2031,projected,250,-0.16666666666666663,2026E annualizes H1 2026. The decline reflects unrestricted US generic entry from 31 January 2026 and existing generic competition outside the US.,US volume-limited generic licenses became unrestricted on 31 January 2026; generics are already present in Europe and Japan.,2026: Unrestricted US generics,https://www.sec.gov/Archives/edgar/data/14272/000001427226000004/bmy-20251231.htm | https://www.bms.com/assets/bms/us/en-us/pdf/investor-info/doc_financials/quarterly_reports/2026/ghBMY-Q2-2026-Earnings-Press-Release.pdf
POMALYST,Bristol Myers Squibb,Pomalyst / Imnovid,pomalidomide,Multiple-myeloma franchise benchmark,Hematology,Multiple myeloma,,2023,2023,reported,3441,,2026E annualizes H1 2026. The decline reflects expected US generic entry in Q1 2026 and existing European generic competition.,Generic entry was expected in the US in Q1 2026; generics are already present in Europe and the minimum Japanese exclusivity date is 2026.,2026: US/Japan LOE,https://www.sec.gov/Archives/edgar/data/14272/000001427226000004/bmy-20251231.htm | https://www.bms.com/assets/bms/us/en-us/pdf/investor-info/doc_financials/quarterly_reports/2026/ghBMY-Q2-2026-Earnings-Press-Release.pdf
POMALYST,Bristol Myers Squibb,Pomalyst / Imnovid,pomalidomide,Multiple-myeloma franchise benchmark,Hematology,Multiple myeloma,,2024,2024,reported,3545,0.03022377215925598,2026E annualizes H1 2026. The decline reflects expected US generic entry in Q1 2026 and existing European generic competition.,Generic entry was expected in the US in Q1 2026; generics are already present in Europe and the minimum Japanese exclusivity date is 2026.,2026: US/Japan LOE,https://www.sec.gov/Archives/edgar/data/14272/000001427226000004/bmy-20251231.htm | https://www.bms.com/assets/bms/us/en-us/pdf/investor-info/doc_financials/quarterly_reports/2026/ghBMY-Q2-2026-Earnings-Press-Release.pdf
POMALYST,Bristol Myers Squibb,Pomalyst / Imnovid,pomalidomide,Multiple-myeloma franchise benchmark,Hematology,Multiple myeloma,,2025,2025,reported,2733,-0.22905500705218618,2026E annualizes H1 2026. The decline reflects expected US generic entry in Q1 2026 and existing European generic competition.,Generic entry was expected in the US in Q1 2026; generics are already present in Europe and the minimum Japanese exclusivity date is 2026.,2026: US/Japan LOE,https://www.sec.gov/Archives/edgar/data/14272/000001427226000004/bmy-20251231.htm | https://www.bms.com/assets/bms/us/en-us/pdf/investor-info/doc_financials/quarterly_reports/2026/ghBMY-Q2-2026-Earnings-Press-Release.pdf
POMALYST,Bristol Myers Squibb,Pomalyst / Imnovid,pomalidomide,Multiple-myeloma franchise benchmark,Hematology,Multiple myeloma,,2026E,2026,projected,1434,-0.4753018660812294,2026E annualizes H1 2026. The decline reflects expected US generic entry in Q1 2026 and existing European generic competition.,Generic entry was expected in the US in Q1 2026; generics are already present in Europe and the minimum Japanese exclusivity date is 2026.,2026: US/Japan LOE,https://www.sec.gov/Archives/edgar/data/14272/000001427226000004/bmy-20251231.htm | https://www.bms.com/assets/bms/us/en-us/pdf/investor-info/doc_financials/quarterly_reports/2026/ghBMY-Q2-2026-Earnings-Press-Release.pdf
POMALYST,Bristol Myers Squibb,Pomalyst / Imnovid,pomalidomide,Multiple-myeloma franchise benchmark,Hematology,Multiple myeloma,,2027,2027,projected,803,-0.4400278940027894,2026E annualizes H1 2026. The decline reflects expected US generic entry in Q1 2026 and existing European generic competition.,Generic entry was expected in the US in Q1 2026; generics are already present in Europe and the minimum Japanese exclusivity date is 2026.,2026: US/Japan LOE,https://www.sec.gov/Archives/edgar/data/14272/000001427226000004/bmy-20251231.htm | https://www.bms.com/assets/bms/us/en-us/pdf/investor-info/doc_financials/quarterly_reports/2026/ghBMY-Q2-2026-Earnings-Press-Release.pdf
POMALYST,Bristol Myers Squibb,Pomalyst / Imnovid,pomalidomide,Multiple-myeloma franchise benchmark,Hematology,Multiple myeloma,,2028,2028,projected,506,-0.36986301369863017,2026E annualizes H1 2026. The decline reflects expected US generic entry in Q1 2026 and existing European generic competition.,Generic entry was expected in the US in Q1 2026; generics are already present in Europe and the minimum Japanese exclusivity date is 2026.,2026: US/Japan LOE,https://www.sec.gov/Archives/edgar/data/14272/000001427226000004/bmy-20251231.htm | https://www.bms.com/assets/bms/us/en-us/pdf/investor-info/doc_financials/quarterly_reports/2026/ghBMY-Q2-2026-Earnings-Press-Release.pdf
POMALYST,Bristol Myers Squibb,Pomalyst / Imnovid,pomalidomide,Multiple-myeloma franchise benchmark,Hematology,Multiple myeloma,,2029,2029,projected,380,-0.2490118577075099,2026E annualizes H1 2026. The decline reflects expected US generic entry in Q1 2026 and existing European generic competition.,Generic entry was expected in the US in Q1 2026; generics are already present in Europe and the minimum Japanese exclusivity date is 2026.,2026: US/Japan LOE,https://www.sec.gov/Archives/edgar/data/14272/000001427226000004/bmy-20251231.htm | https://www.bms.com/assets/bms/us/en-us/pdf/investor-info/doc_financials/quarterly_reports/2026/ghBMY-Q2-2026-Earnings-Press-Release.pdf
POMALYST,Bristol Myers Squibb,Pomalyst / Imnovid,pomalidomide,Multiple-myeloma franchise benchmark,Hematology,Multiple myeloma,,2030,2030,projected,304,-0.19999999999999996,2026E annualizes H1 2026. The decline reflects expected US generic entry in Q1 2026 and existing European generic competition.,Generic entry was expected in the US in Q1 2026; generics are already present in Europe and the minimum Japanese exclusivity date is 2026.,2026: US/Japan LOE,https://www.sec.gov/Archives/edgar/data/14272/000001427226000004/bmy-20251231.htm | https://www.bms.com/assets/bms/us/en-us/pdf/investor-info/doc_financials/quarterly_reports/2026/ghBMY-Q2-2026-Earnings-Press-Release.pdf
POMALYST,Bristol Myers Squibb,Pomalyst / Imnovid,pomalidomide,Multiple-myeloma franchise benchmark,Hematology,Multiple myeloma,,2031,2031,projected,258,-0.15131578947368418,2026E annualizes H1 2026. The decline reflects expected US generic entry in Q1 2026 and existing European generic competition.,Generic entry was expected in the US in Q1 2026; generics are already present in Europe and the minimum Japanese exclusivity date is 2026.,2026: US/Japan LOE,https://www.sec.gov/Archives/edgar/data/14272/000001427226000004/bmy-20251231.htm | https://www.bms.com/assets/bms/us/en-us/pdf/investor-info/doc_financials/quarterly_reports/2026/ghBMY-Q2-2026-Earnings-Press-Release.pdf
